Date,Open,High,Low,Close,Adj Close,Volume
1991-09-02,4.125000,4.625000,4.000000,4.000000,3.375343,2377200
1991-09-09,4.000000,4.250000,4.000000,4.250000,3.586302,318400
1991-09-16,4.250000,4.312500,4.125000,4.125000,3.480822,20000
1991-09-23,4.125000,4.312500,4.062500,4.250000,3.586302,586800
1991-09-30,4.250000,4.250000,4.062500,4.125000,3.480822,178800
1991-10-07,4.250000,4.250000,4.000000,4.093750,3.454453,561200
1991-10-14,4.093750,4.187500,4.000000,4.187500,3.533563,621600
1991-10-21,4.187500,4.187500,4.000000,4.125000,3.480822,305600
1991-10-28,4.062500,4.187500,4.000000,4.125000,3.480822,204800
1991-11-04,4.125000,4.437500,4.000000,4.437500,3.744521,228000
1991-11-11,4.500000,4.500000,4.250000,4.468750,3.770891,514000
1991-11-18,4.312500,4.500000,4.312500,4.312500,3.639042,447600
1991-11-25,4.312500,4.312500,4.250000,4.312500,3.639042,49600
1991-12-02,4.125000,4.250000,4.125000,4.125000,3.480822,522000
1991-12-09,4.218750,4.312500,4.000000,4.000000,3.375343,158000
1991-12-16,4.000000,4.062500,3.875000,4.031250,3.401713,268000
1991-12-23,4.062500,4.250000,3.937500,4.000000,3.375343,80800
1991-12-30,4.437500,4.437500,3.812500,4.156250,3.507192,1532800
1992-01-06,4.062500,4.562500,4.062500,4.500000,3.797261,3956800
1992-01-13,4.562500,4.937500,4.375000,4.687500,3.955480,1809600
1992-01-20,4.687500,4.875000,4.625000,4.625000,3.902740,780000
1992-01-27,4.625000,4.812500,4.562500,4.562500,3.850000,524000
1992-02-03,4.562500,4.812500,4.562500,4.812500,4.060960,1213200
1992-02-10,4.562500,4.750000,4.375000,4.500000,3.797261,923600
1992-02-17,4.593750,4.687500,4.500000,4.500000,3.797261,416800
1992-02-24,4.500000,4.687500,4.437500,4.562500,3.850000,848800
1992-03-02,4.500000,4.687500,4.375000,4.468750,3.770891,468000
1992-03-09,4.312500,4.500000,4.250000,4.250000,3.586302,310400
1992-03-16,4.250000,4.437500,4.250000,4.250000,3.586302,172400
1992-03-23,4.250000,4.437500,4.187500,4.187500,3.533563,405200
1992-03-30,4.187500,4.312500,4.062500,4.250000,3.586302,591200
1992-04-06,4.125000,4.250000,3.625000,3.812500,3.217124,776400
1992-04-13,3.937500,3.937500,3.812500,3.937500,3.322604,232400
1992-04-20,3.937500,4.062500,3.812500,3.875000,3.269863,346800
1992-04-27,4.000000,4.000000,3.781250,3.937500,3.322604,106000
1992-05-04,3.937500,4.250000,3.812500,4.187500,3.533563,356000
1992-05-11,4.062500,4.250000,4.000000,4.000000,3.375343,178000
1992-05-18,4.000000,4.187500,4.000000,4.000000,3.375343,194400
1992-05-25,4.000000,4.312500,4.000000,4.218750,3.559932,182000
1992-06-01,4.125000,4.437500,4.125000,4.375000,3.691782,404400
1992-06-08,4.187500,4.312500,4.000000,4.000000,3.375343,263600
1992-06-15,4.000000,4.125000,3.875000,3.875000,3.269863,91200
1992-06-22,4.062500,4.062500,3.875000,3.875000,3.269863,107600
1992-06-29,3.875000,4.125000,3.875000,3.968750,3.348973,169200
1992-07-06,3.937500,4.062500,3.875000,4.000000,3.375343,197200
1992-07-13,3.875000,4.062500,3.875000,3.937500,3.322604,81600
1992-07-20,3.937500,4.062500,3.937500,4.000000,3.375343,356800
1992-07-27,4.000000,4.062500,3.875000,4.062500,3.428083,194400
1992-08-03,4.062500,4.687500,4.000000,4.375000,3.691782,1174800
1992-08-10,4.562500,4.625000,4.375000,4.500000,3.797261,146400
1992-08-17,4.500000,4.562500,4.312500,4.375000,3.691782,155200
1992-08-24,4.437500,4.500000,4.375000,4.375000,3.691782,107200
1992-08-31,4.500000,4.500000,4.375000,4.437500,3.744521,92000
1992-09-07,4.562500,4.562500,4.437500,4.500000,3.797261,147600
1992-09-14,4.437500,4.625000,4.437500,4.500000,3.797261,202800
1992-09-21,4.625000,4.625000,4.312500,4.312500,3.639042,145600
1992-09-28,4.312500,4.500000,4.250000,4.312500,3.639042,227200
1992-10-05,4.250000,4.375000,4.250000,4.343750,3.665412,251200
1992-10-12,4.250000,4.437500,4.250000,4.437500,3.744521,230800
1992-10-19,4.500000,4.562500,4.375000,4.500000,3.797261,332000
1992-10-26,4.437500,4.687500,4.437500,4.687500,3.955480,284800
1992-11-02,4.687500,5.062500,4.562500,4.937500,4.166440,1045600
1992-11-09,4.937500,5.812500,4.812500,5.687500,4.799316,643600
1992-11-16,5.812500,5.812500,5.125000,5.437500,4.588358,933600
1992-11-23,5.375000,5.500000,5.375000,5.375000,4.535617,127200
1992-11-30,5.375000,5.500000,5.375000,5.468750,4.614728,220000
1992-12-07,5.500000,6.125000,5.437500,6.062500,5.115755,909200
1992-12-14,5.937500,6.187500,5.937500,6.000000,5.063016,340400
1992-12-21,6.187500,6.187500,5.750000,5.750000,4.852057,238800
1992-12-28,5.625000,5.812500,5.625000,5.781250,4.878426,138400
1993-01-04,5.937500,6.375000,5.812500,6.343750,5.353085,548400
1993-01-11,6.187500,6.312500,6.187500,6.187500,5.221234,318000
1993-01-18,6.312500,6.562500,6.187500,6.562500,5.537673,162400
1993-01-25,6.375000,6.687500,6.375000,6.625000,5.590413,174000
1993-02-01,6.625000,6.625000,6.250000,6.250000,5.273974,286400
1993-02-08,6.187500,6.375000,6.125000,6.125000,5.168495,150800
1993-02-15,6.062500,6.125000,5.375000,5.375000,4.535617,511600
1993-02-22,5.375000,5.500000,5.187500,5.375000,4.535617,562400
1993-03-01,5.375000,5.437500,5.187500,5.187500,4.377398,508000
1993-03-08,5.312500,5.437500,5.187500,5.375000,4.535617,704400
1993-03-15,5.218750,5.375000,5.187500,5.375000,4.535617,552400
1993-03-22,5.250000,5.312500,5.125000,5.250000,4.430139,148000
1993-03-29,5.062500,5.250000,5.000000,5.250000,4.430139,1369600
1993-04-05,5.062500,5.250000,5.000000,5.156250,4.351028,513200
1993-04-12,5.187500,5.187500,5.000000,5.062500,4.271918,797200
1993-04-19,5.187500,5.187500,5.000000,5.000000,4.219179,124800
1993-04-26,4.937500,5.187500,4.937500,5.000000,4.219179,188000
1993-05-03,5.031250,5.187500,5.000000,5.187500,4.377398,423200
1993-05-10,5.062500,5.187500,5.000000,5.187500,4.377398,221200
1993-05-17,5.156250,5.187500,5.000000,5.000000,4.219179,198000
1993-05-24,5.000000,5.125000,5.000000,5.125000,4.324658,360400
1993-05-31,5.000000,5.125000,5.000000,5.000000,4.219179,115200
1993-06-07,5.125000,5.250000,5.000000,5.125000,4.324658,528000
1993-06-14,5.000000,5.562500,5.000000,5.562500,4.693837,350000
1993-06-21,5.562500,5.562500,5.375000,5.562500,4.693837,237200
1993-06-28,5.562500,5.562500,5.312500,5.312500,4.482878,223200
1993-07-05,5.312500,5.500000,5.312500,5.375000,4.535617,84400
1993-07-12,5.562500,5.625000,5.375000,5.625000,4.746576,584000
1993-07-19,5.656250,5.687500,5.500000,5.625000,4.746576,194400
1993-07-26,5.687500,5.812500,5.687500,5.750000,4.852057,93600
1993-08-02,5.750000,6.000000,5.687500,5.687500,4.799316,394000
1993-08-09,5.750000,5.875000,5.687500,5.875000,4.957537,274400
1993-08-16,5.875000,5.937500,5.750000,5.750000,4.852057,246000
1993-08-23,5.750000,5.937500,5.750000,5.875000,4.957537,66000
1993-08-30,6.187500,6.250000,6.000000,6.187500,5.221234,312800
1993-09-06,6.000000,6.187500,6.000000,6.000000,5.063016,73200
1993-09-13,6.187500,6.187500,6.000000,6.000000,5.063016,465200
1993-09-20,6.000000,6.125000,5.875000,6.000000,5.063016,635200
1993-09-27,5.812500,6.000000,5.750000,5.781250,4.878426,89200
1993-10-04,5.937500,6.062500,5.750000,6.062500,5.115755,295600
1993-10-11,6.062500,6.187500,5.875000,6.031250,5.089385,116800
1993-10-18,6.000000,6.187500,6.000000,6.000000,5.063016,140800
1993-10-25,6.000000,6.187500,5.937500,6.062500,5.115755,344000
1993-11-01,6.062500,6.125000,5.750000,5.843750,4.931166,214800
1993-11-08,5.843750,5.937500,5.750000,5.812500,4.904796,281200
1993-11-15,5.843750,5.937500,5.625000,5.625000,4.746576,344800
1993-11-22,5.625000,5.812500,5.625000,5.625000,4.746576,27600
1993-11-29,5.750000,5.750000,5.625000,5.687500,4.799316,121600
1993-12-06,5.625000,6.062500,5.625000,5.875000,4.957537,212400
1993-12-13,5.750000,5.937500,5.500000,5.781250,4.878426,196400
1993-12-20,5.687500,5.750000,5.562500,5.562500,4.693837,114000
1993-12-27,5.562500,5.750000,5.250000,5.437500,4.588358,210000
1994-01-03,5.437500,5.500000,5.125000,5.312500,4.482878,327200
1994-01-10,5.312500,6.062500,5.312500,5.750000,4.852057,192400
1994-01-17,5.625000,6.000000,5.500000,5.812500,4.904796,235600
1994-01-24,6.000000,6.125000,5.812500,6.125000,5.168495,46400
1994-01-31,6.125000,6.125000,5.812500,5.812500,4.904796,58000
1994-02-07,5.625000,6.000000,5.562500,5.625000,4.746576,213200
1994-02-14,5.625000,5.812500,5.562500,5.562500,4.693837,824400
1994-02-21,5.625000,5.687500,5.437500,5.687500,4.799316,152400
1994-02-28,5.687500,5.687500,5.312500,5.312500,4.482878,126800
1994-03-07,5.312500,5.500000,5.125000,5.125000,4.324658,114800
1994-03-14,5.312500,5.375000,5.125000,5.375000,4.535617,98400
1994-03-21,5.125000,5.375000,5.125000,5.312500,4.482878,112800
1994-03-28,5.312500,5.312500,5.125000,5.312500,4.482878,121600
1994-04-04,5.125000,5.312500,5.125000,5.125000,4.324658,134000
1994-04-11,5.125000,5.312500,5.125000,5.312500,4.482878,154000
1994-04-18,5.312500,5.312500,4.937500,4.937500,4.166440,150400
1994-04-25,4.937500,5.187500,4.937500,5.187500,4.377398,37600
1994-05-02,5.125000,5.125000,4.937500,4.937500,4.166440,383200
1994-05-09,4.937500,5.187500,4.937500,5.187500,4.377398,257600
1994-05-16,5.187500,5.250000,5.000000,5.062500,4.271918,128000
1994-05-23,5.250000,5.250000,5.062500,5.250000,4.430139,90800
1994-05-30,5.062500,5.250000,5.062500,5.156250,4.351028,101200
1994-06-06,5.250000,5.250000,5.000000,5.125000,4.324658,281600
1994-06-13,5.125000,5.125000,5.000000,5.125000,4.324658,707600
1994-06-20,5.000000,5.125000,5.000000,5.125000,4.324658,104400
1994-06-27,5.062500,5.125000,5.000000,5.000000,4.219179,196400
1994-07-04,5.000000,5.125000,5.000000,5.000000,4.219179,476000
1994-07-11,5.000000,5.375000,5.000000,5.187500,4.377398,198400
1994-07-18,5.375000,5.437500,5.187500,5.437500,4.588358,123600
1994-07-25,5.437500,5.500000,5.250000,5.375000,4.535617,160800
1994-08-01,5.562500,5.625000,5.375000,5.625000,4.746576,250000
1994-08-08,5.625000,5.687500,5.437500,5.687500,4.799316,514400
1994-08-15,5.562500,5.687500,5.562500,5.562500,4.693837,123600
1994-08-22,5.562500,6.000000,5.500000,6.000000,5.063016,242800
1994-08-29,5.812500,6.375000,5.812500,6.125000,5.168495,322400
1994-09-05,6.125000,6.375000,6.125000,6.312500,5.326714,156400
1994-09-12,6.250000,6.312500,6.125000,6.250000,5.273974,137200
1994-09-19,6.312500,6.375000,6.125000,6.312500,5.326714,152400
1994-09-26,6.312500,7.562500,6.312500,7.312500,6.170549,982000
1994-10-03,7.187500,7.312500,6.937500,7.000000,5.906852,334400
1994-10-10,7.000000,7.187500,7.000000,7.062500,5.959592,113200
1994-10-17,7.187500,7.187500,6.906250,6.906250,5.827742,406000
1994-10-24,7.000000,7.062500,6.875000,7.062500,5.959592,138000
1994-10-31,7.062500,7.375000,6.937500,7.187500,6.065071,176000
1994-11-07,7.250000,7.500000,7.250000,7.437500,6.276028,285200
1994-11-14,7.343750,7.437500,7.312500,7.343750,6.196920,259200
1994-11-21,7.437500,7.437500,7.125000,7.125000,6.012331,92400
1994-11-28,7.375000,7.375000,6.875000,6.875000,5.801372,414400
1994-12-05,6.812500,6.812500,6.562500,6.562500,5.537673,256800
1994-12-12,6.562500,6.750000,6.562500,6.750000,5.695891,156800
1994-12-19,6.562500,6.750000,6.562500,6.562500,5.537673,369600
1994-12-26,6.687500,6.687500,6.187500,6.500000,5.484932,249200
1995-01-02,6.500000,6.562500,6.312500,6.375000,5.379454,428800
1995-01-09,6.531250,6.687500,6.375000,6.687500,5.643151,395200
1995-01-16,6.500000,6.812500,6.500000,6.750000,5.695891,196800
1995-01-23,6.750000,6.750000,6.437500,6.625000,5.590413,36400
1995-01-30,6.437500,6.625000,6.312500,6.437500,5.432193,198400
1995-02-06,6.312500,6.562500,6.312500,6.437500,5.432193,95200
1995-02-13,6.562500,6.750000,6.375000,6.500000,5.484932,405200
1995-02-20,6.625000,6.625000,6.500000,6.500000,5.484932,26400
1995-02-27,6.562500,6.625000,6.500000,6.625000,5.590413,171600
1995-03-06,6.531250,6.625000,6.500000,6.578125,5.550858,382400
1995-03-13,6.562500,6.750000,6.500000,6.562500,5.537673,148800
1995-03-20,6.562500,6.750000,6.562500,6.562500,5.537673,23600
1995-03-27,6.562500,6.750000,6.562500,6.750000,5.695891,28400
1995-04-03,6.656250,6.750000,6.500000,6.593750,5.564042,166400
1995-04-10,6.500000,6.750000,6.500000,6.750000,5.695891,72000
1995-04-17,6.625000,6.750000,6.562500,6.562500,5.537673,123600
1995-04-24,6.500000,6.687500,6.500000,6.562500,5.537673,144800
1995-05-01,6.687500,6.750000,6.562500,6.625000,5.590413,148000
1995-05-08,6.625000,6.875000,6.625000,6.781250,5.722261,238800
1995-05-15,6.687500,6.875000,6.687500,6.687500,5.643151,66000
1995-05-22,6.812500,6.812500,6.625000,6.812500,5.748632,23600
1995-05-29,6.812500,6.812500,6.687500,6.687500,5.643151,30000
1995-06-05,6.687500,6.937500,6.687500,6.937500,5.854112,406400
1995-06-12,6.937500,7.062500,6.875000,7.062500,5.959592,213600
1995-06-19,7.062500,7.375000,7.000000,7.250000,6.117809,416400
1995-06-26,7.343750,7.500000,7.312500,7.500000,6.328768,316400
1995-07-03,7.437500,7.500000,7.312500,7.312500,6.170549,86000
1995-07-10,7.312500,7.500000,7.312500,7.312500,6.170549,21600
1995-07-17,7.437500,7.437500,7.000000,7.000000,5.906852,114800
1995-07-24,7.000000,7.250000,7.000000,7.250000,6.117809,105600
1995-07-31,7.312500,7.312500,7.187500,7.218750,6.091439,62800
1995-08-07,7.312500,7.500000,7.187500,7.437500,6.276028,88000
1995-08-14,7.437500,7.500000,7.312500,7.500000,6.328768,45600
1995-08-21,7.500000,7.500000,7.312500,7.437500,6.276028,130400
1995-08-28,7.500000,7.687500,7.406250,7.625000,6.434248,78800
1995-09-04,7.625000,7.625000,7.468750,7.468750,6.302400,54800
1995-09-11,7.375000,7.625000,7.375000,7.625000,6.434248,78000
1995-09-18,7.500000,7.750000,7.500000,7.656250,6.460618,60000
1995-09-25,7.875000,8.000000,7.687500,7.687500,6.486988,90800
1995-10-02,7.687500,7.812500,7.687500,7.781250,6.566097,42400
1995-10-09,7.812500,7.812500,7.562500,7.750000,6.539727,86400
1995-10-16,7.750000,7.750000,7.562500,7.656250,6.460618,41600
1995-10-23,7.562500,7.687500,7.312500,7.468750,6.302400,139200
1995-10-30,7.562500,7.750000,7.312500,7.500000,6.328768,158800
1995-11-06,7.500000,8.187500,7.500000,8.187500,6.908907,303200
1995-11-13,8.000000,8.187500,7.875000,7.906250,6.671576,100400
1995-11-20,7.906250,7.906250,7.812500,7.906250,6.671576,10400
1995-11-27,7.812500,8.000000,7.812500,8.000000,6.750687,37200
1995-12-04,7.812500,8.000000,7.750000,8.000000,6.750687,84000
1995-12-11,7.812500,8.562500,7.812500,8.500000,7.172604,324400
1995-12-18,8.562500,8.812500,8.312500,8.687500,7.330824,310800
1995-12-25,8.687500,8.687500,8.312500,8.500000,7.172604,416400
1996-01-01,7.750000,8.125000,7.750000,8.125000,6.856166,278000
1996-01-08,7.875000,8.125000,7.875000,8.125000,6.856166,42000
1996-01-15,8.125000,8.250000,7.875000,8.250000,6.961644,174000
1996-01-22,8.250000,8.250000,7.875000,7.921875,6.684762,51200
1996-01-29,8.125000,8.187500,7.875000,8.156250,6.882537,191600
1996-02-05,8.187500,8.250000,7.875000,8.062500,6.803427,175200
1996-02-12,8.062500,8.437500,8.062500,8.437500,7.119864,409600
1996-02-19,8.125000,8.437500,8.125000,8.437500,7.119864,185600
1996-02-26,8.437500,8.437500,8.125000,8.437500,7.119864,50000
1996-03-04,8.281250,8.437500,8.125000,8.250000,6.961644,97200
1996-03-11,8.218750,8.375000,8.125000,8.125000,6.856166,64000
1996-03-18,8.125000,8.375000,8.125000,8.125000,6.856166,38000
1996-03-25,8.125000,8.375000,8.125000,8.187500,6.908907,185200
1996-04-01,8.187500,8.375000,8.187500,8.375000,7.067127,50400
1996-04-08,8.218750,8.375000,8.125000,8.312500,7.014384,104400
1996-04-15,8.125000,8.312500,8.125000,8.312500,7.014384,328800
1996-04-22,8.312500,8.312500,8.062500,8.156250,6.882537,322000
1996-04-29,8.062500,8.187500,8.062500,8.062500,6.803427,88000
1996-05-06,8.062500,8.312500,8.062500,8.312500,7.014384,47600
1996-05-13,8.281250,8.312500,8.093750,8.312500,7.014384,679200
1996-05-20,8.250000,8.687500,8.093750,8.687500,7.330824,112400
1996-05-27,8.687500,8.875000,8.562500,8.875000,7.489041,122800
1996-06-03,8.875000,9.000000,8.625000,8.812500,7.436304,75200
1996-06-10,8.812500,9.250000,8.812500,9.062500,7.647262,366000
1996-06-17,9.156250,9.500000,9.062500,9.500000,8.016443,212000
1996-06-24,9.500000,9.500000,9.312500,9.312500,7.858221,121600
1996-07-01,9.406250,9.406250,9.125000,9.187500,7.752741,79200
1996-07-08,9.187500,9.187500,8.812500,8.812500,7.436304,129200
1996-07-15,8.812500,8.812500,7.750000,8.312500,7.014384,407600
1996-07-22,8.125000,8.312500,7.593750,8.125000,6.856166,213200
1996-07-29,7.937500,8.125000,7.750000,7.937500,6.697947,126000
1996-08-05,7.781250,8.187500,7.750000,7.968750,6.724318,215200
1996-08-12,8.156250,8.500000,8.000000,8.437500,7.119864,115600
1996-08-19,8.312500,8.500000,8.250000,8.375000,7.067127,50400
1996-08-26,8.187500,8.375000,8.125000,8.125000,6.856166,75600
1996-09-02,7.875000,8.125000,7.500000,8.000000,6.750687,153200
1996-09-09,8.000000,8.218750,7.906250,8.156250,6.882537,24800
1996-09-16,8.125000,8.468750,8.125000,8.406250,7.093494,96400
1996-09-23,8.437500,8.437500,8.250000,8.437500,7.119864,133600
1996-09-30,8.437500,8.468750,8.375000,8.437500,7.119864,30000
1996-10-07,8.406250,8.437500,8.343750,8.375000,7.067127,57200
1996-10-14,8.375000,8.406250,8.343750,8.375000,7.067127,66800
1996-10-21,8.343750,8.343750,8.093750,8.156250,6.882537,53200
1996-10-28,8.125000,8.140625,8.031250,8.093750,6.829797,51200
1996-11-04,8.125000,8.156250,8.093750,8.156250,6.882537,37200
1996-11-11,8.125000,8.250000,8.093750,8.250000,6.961644,43600
1996-11-18,8.281250,8.343750,8.250000,8.250000,6.961644,143200
1996-11-25,8.250000,8.281250,8.125000,8.281250,6.988016,48000
1996-12-02,8.218750,8.437500,8.218750,8.375000,7.067127,284800
1996-12-09,8.406250,8.468750,8.343750,8.375000,7.067127,103600
1996-12-16,8.375000,8.593750,8.359375,8.562500,7.225345,146000
1996-12-23,8.531250,8.562500,8.437500,8.562500,7.225345,84000
1996-12-30,8.531250,8.531250,8.375000,8.406250,7.093494,104000
1997-01-06,8.375000,8.375000,8.062500,8.125000,6.856166,124400
1997-01-13,8.093750,8.343750,7.781250,7.812500,6.592468,282000
1997-01-20,7.750000,7.843750,7.718750,7.843750,6.618838,107200
1997-01-27,7.843750,7.875000,7.562500,7.687500,6.486988,200000
1997-02-03,7.656250,7.937500,7.625000,7.906250,6.671576,289200
1997-02-10,7.906250,8.562500,7.781250,8.531250,7.198976,994000
1997-02-17,8.562500,9.000000,8.562500,8.656250,7.304455,303600
1997-02-24,8.656250,8.687500,8.531250,8.656250,7.304455,124800
1997-03-03,8.656250,8.968750,8.625000,8.843750,7.462673,160000
1997-03-10,8.875000,8.968750,8.843750,8.968750,7.568152,152400
1997-03-17,9.000000,9.000000,8.406250,8.468750,7.146236,143200
1997-03-24,8.468750,8.718750,8.375000,8.593750,7.251715,79200
1997-03-31,8.500000,8.500000,7.875000,8.218750,6.935277,132800
1997-04-07,8.187500,8.625000,8.187500,8.500000,7.172604,127200
1997-04-14,8.437500,8.531250,8.343750,8.500000,7.172604,120400
1997-04-21,8.500000,8.656250,8.312500,8.343750,7.040755,235200
1997-04-28,8.343750,8.468750,8.343750,8.468750,7.146236,45200
1997-05-05,8.468750,9.218750,8.468750,9.187500,7.752741,374400
1997-05-12,9.250000,9.343750,9.125000,9.281250,7.831851,104400
1997-05-19,9.281250,9.625000,9.187500,9.593750,8.095551,112800
1997-05-26,9.593750,9.593750,9.375000,9.500000,8.016443,53200
1997-06-02,9.500000,10.031250,9.468750,9.875000,8.332880,322000
1997-06-09,9.875000,10.093750,9.843750,10.093750,8.517468,143600
1997-06-16,10.093750,10.312500,10.062500,10.312500,8.702057,155200
1997-06-23,10.250000,10.343750,10.015625,10.093750,8.517468,142800
1997-06-30,10.093750,10.218750,9.937500,9.968750,8.411989,107200
1997-07-07,10.000000,10.484375,9.875000,10.484375,8.847092,199600
1997-07-14,10.500000,10.562500,10.390625,10.406250,8.781165,76800
1997-07-21,10.421875,11.187500,10.421875,11.156250,9.414044,164000
1997-07-28,11.406250,12.500000,11.406250,11.828125,9.980996,658400
1997-08-04,11.796875,12.062500,11.796875,11.875000,10.020550,370800
1997-08-11,11.875000,11.937500,11.765625,11.812500,9.967812,104400
1997-08-18,11.781250,12.375000,11.781250,12.312500,10.389729,213200
1997-08-25,12.375000,12.671875,12.359375,12.500000,10.547949,93600
1997-09-01,12.531250,13.312500,12.531250,13.312500,11.233567,532000
1997-09-08,13.312500,13.375000,13.156250,13.203125,11.141273,306800
1997-09-15,13.156250,13.796875,13.156250,13.468750,11.365413,116400
1997-09-22,13.562500,15.250000,13.500000,14.718750,12.420210,280800
1997-09-29,14.875000,15.125000,14.125000,14.250000,12.024662,193200
1997-10-06,14.281250,14.437500,13.500000,14.437500,12.182878,127600
1997-10-13,14.437500,14.500000,13.500000,13.593750,11.470892,57800
1997-10-20,13.500000,13.750000,13.250000,13.500000,11.391783,38600
1997-10-27,13.437500,14.187500,12.687500,13.968750,11.787333,120200
1997-11-03,13.968750,14.250000,13.781250,13.843750,11.681853,83000
1997-11-10,13.812500,14.093750,13.750000,13.937500,11.760962,63200
1997-11-17,13.968750,14.468750,13.968750,14.250000,12.024662,54000
1997-11-24,14.125000,14.250000,13.687500,14.218750,11.998291,34400
1997-12-01,14.218750,15.000000,14.187500,14.875000,12.552056,117400
1997-12-08,14.875000,14.875000,13.593750,13.593750,11.470892,128800
1997-12-15,13.687500,14.312500,13.625000,14.156250,11.945552,72400
1997-12-22,14.156250,14.156250,13.500000,13.937500,11.760962,105000
1997-12-29,13.875000,14.343750,13.375000,13.687500,11.550001,121200
1998-01-05,13.625000,13.812500,12.562500,12.562500,10.600688,119200
1998-01-12,12.531250,13.343750,12.500000,13.343750,11.259934,83200
1998-01-19,13.468750,13.625000,12.750000,12.906250,10.890756,62200
1998-01-26,12.812500,13.000000,12.250000,13.000000,10.969865,116000
1998-02-02,13.250000,14.625000,12.875000,14.593750,12.314730,166600
1998-02-09,14.531250,14.750000,13.875000,13.937500,11.760962,97000
1998-02-16,13.875000,13.875000,13.343750,13.375000,11.286302,63400
1998-02-23,13.375000,14.750000,13.312500,14.562500,12.288362,149000
1998-03-02,14.593750,15.187500,14.375000,14.625000,12.341099,216600
1998-03-09,14.500000,14.937500,14.375000,14.812500,12.499320,91600
1998-03-16,14.781250,14.843750,14.218750,14.406250,12.156510,118200
1998-03-23,14.312500,14.500000,14.125000,14.250000,12.024662,92400
1998-03-30,14.156250,14.625000,14.156250,14.468750,12.209249,78000
1998-04-06,14.500000,14.625000,14.375000,14.406250,12.156510,94400
1998-04-13,14.406250,14.687500,14.406250,14.500000,12.235619,142000
1998-04-20,14.625000,14.625000,14.312500,14.343750,12.103770,111000
1998-04-27,14.312500,14.968750,14.281250,14.968750,12.631166,67600
1998-05-04,15.000000,15.125000,14.375000,14.468750,12.209249,87200
1998-05-11,14.500000,15.062500,13.968750,13.968750,11.787333,168800
1998-05-18,13.968750,14.062500,13.750000,13.750000,11.602743,98000
1998-05-25,13.625000,13.812500,13.250000,13.812500,11.655484,97400
1998-06-01,13.750000,13.875000,13.500000,13.812500,11.655484,48800
1998-06-08,13.750000,14.093750,13.687500,13.812500,11.655484,65200
1998-06-15,13.937500,13.937500,13.406250,13.500000,11.391783,67800
1998-06-22,13.500000,13.875000,13.375000,13.781250,11.629113,40200
1998-06-29,13.750000,14.406250,13.750000,14.250000,12.024662,479600
1998-07-06,14.375000,14.500000,13.656250,14.093750,11.892815,118400
1998-07-13,14.000000,14.000000,13.500000,13.781250,11.629113,110000
1998-07-20,13.750000,13.875000,13.656250,13.687500,11.550001,104600
1998-07-27,13.656250,13.750000,13.500000,13.500000,11.391783,163000
1998-08-03,13.500000,13.750000,13.000000,13.656250,11.523631,187600
1998-08-10,13.593750,13.593750,12.750000,13.000000,10.969865,96400
1998-08-17,13.062500,13.343750,12.468750,12.625000,10.653427,71400
1998-08-24,12.562500,13.000000,11.968750,12.468750,10.521579,178000
1998-08-31,12.468750,13.062500,12.031250,12.843750,10.838016,153400
1998-09-07,12.937500,13.031250,12.750000,12.750000,10.758907,73000
1998-09-14,12.875000,13.593750,12.875000,13.562500,11.444522,134600
1998-09-21,13.375000,13.625000,12.937500,13.187500,11.128084,114600
1998-09-28,13.156250,13.343750,13.062500,13.343750,11.259934,554600
1998-10-05,13.312500,13.687500,12.750000,12.875000,10.864387,184200
1998-10-12,12.812500,13.281250,12.750000,12.812500,10.811646,170600
1998-10-19,12.750000,14.000000,12.750000,13.812500,11.655484,183800
1998-10-26,13.750000,13.812500,13.250000,13.500000,11.391783,105200
1998-11-02,13.500000,14.468750,13.468750,14.437500,12.182878,109400
1998-11-09,14.375000,15.625000,14.375000,15.187500,12.815757,170800
1998-11-16,15.156250,15.156250,14.921850,15.000000,12.657537,212200
1998-11-23,15.062500,15.093750,15.000000,15.031250,12.683909,141800
1998-11-30,15.031250,15.156250,14.875000,15.093750,12.736649,289800
1998-12-07,15.093750,16.093750,15.000000,16.000000,13.501373,525800
1998-12-14,15.937500,17.000000,15.875000,16.937500,14.292472,686800
1998-12-21,16.875000,16.875000,16.625000,16.656250,14.055138,282800
1998-12-28,16.687500,16.718750,14.968750,16.531250,13.949663,189400
1999-01-04,16.312500,16.562500,15.750000,16.500000,13.923288,282400
1999-01-11,16.500000,16.562500,15.937500,15.937500,13.448635,178600
1999-01-18,15.937500,16.062500,14.968750,15.000000,12.657537,129200
1999-01-25,15.031250,15.250000,14.593750,15.250000,12.868497,188400
1999-02-01,15.312500,15.750000,15.156250,15.187500,12.815757,153000
1999-02-08,15.187500,15.625000,15.125000,15.406250,13.000346,230800
1999-02-15,15.406250,16.031250,15.406250,15.625000,13.184936,287600
1999-02-22,15.656250,15.687500,14.812500,14.812500,12.499320,258200
1999-03-01,14.812500,14.937500,13.562500,13.687500,11.550001,236400
1999-03-08,13.687500,14.000000,13.687500,13.968750,11.787333,359000
1999-03-15,13.906250,14.000000,13.875000,13.906250,11.734591,178800
1999-03-22,13.906250,13.906250,13.375000,13.843750,11.681853,236800
1999-03-29,13.906250,14.468750,13.875000,14.437500,12.182878,178600
1999-04-05,14.468750,15.125000,14.437500,15.000000,12.657537,296000
1999-04-12,14.968750,15.031250,14.625000,14.875000,12.552056,301000
1999-04-19,14.906250,14.906250,13.843750,14.000000,11.813704,235000
1999-04-26,13.937500,13.937500,13.375000,13.750000,11.602743,440800
1999-05-03,13.750000,14.500000,13.625000,14.500000,12.235619,296000
1999-05-10,14.437500,14.437500,13.750000,13.968750,11.787333,259000
1999-05-17,14.000000,14.000000,13.750000,13.937500,11.760962,148800
1999-05-24,13.968750,14.125000,13.625000,13.968750,11.787333,192600
1999-05-31,13.906250,14.562500,13.500000,13.500000,11.391783,201000
1999-06-07,13.375000,14.187500,13.125000,14.031250,11.840072,207600
1999-06-14,13.968750,14.375000,13.937500,14.125000,11.919184,179400
1999-06-21,14.125000,14.500000,13.750000,14.500000,12.235619,96800
1999-06-28,14.500000,14.625000,14.031250,14.250000,12.024662,192800
1999-07-05,14.250000,14.343750,14.125000,14.312500,12.077400,79000
1999-07-12,14.343750,14.750000,13.875000,14.750000,12.446579,123200
1999-07-19,14.750000,15.031250,14.062500,14.468750,12.209249,180800
1999-07-26,14.437500,15.000000,14.437500,15.000000,12.657537,126600
1999-08-02,14.968750,15.250000,14.156250,14.156250,11.945552,111400
1999-08-09,14.031250,14.218750,13.437500,13.468750,11.365413,200600
1999-08-16,13.375000,13.375000,12.312500,12.968750,10.943498,544000
1999-08-23,12.968750,13.437500,12.875000,13.312500,11.233567,312800
1999-08-30,13.281250,13.281250,12.562500,13.093750,11.048977,1045200
1999-09-06,13.031250,13.062500,12.531250,12.625000,10.653427,57800
1999-09-13,12.625000,12.781250,12.531250,12.625000,10.653427,93400
1999-09-20,12.687500,13.750000,12.562500,13.156250,11.101716,170000
1999-09-27,13.093750,13.125000,12.281250,12.281250,10.363359,174800
1999-10-04,12.312500,12.500000,12.062500,12.500000,10.547949,197400
1999-10-11,12.375000,12.437500,12.343750,12.437500,10.495209,103800
1999-10-18,12.406250,12.406250,11.937500,12.093750,10.205136,256000
1999-10-25,12.031250,12.156250,11.625000,11.687500,9.862331,273200
1999-11-01,11.718750,12.281250,11.187500,12.281250,10.363359,475200
1999-11-08,12.281250,12.500000,11.406250,11.406250,9.625001,602600
1999-11-15,11.500000,12.406250,11.375000,11.937500,10.073292,328000
1999-11-22,11.937500,12.062500,11.031250,11.218750,9.466784,268800
1999-11-29,11.312500,11.375000,10.625000,10.937500,9.229457,221400
1999-12-06,10.875000,11.156250,10.375000,11.000000,9.282197,806200
1999-12-13,10.875000,10.968750,10.000000,10.375000,8.754796,863800
1999-12-20,10.437500,11.312500,10.281250,11.281250,9.519524,373200
1999-12-27,11.250000,11.343750,10.250000,10.593750,8.939384,609600
2000-01-03,10.656250,10.937500,10.250000,10.875000,9.176717,400000
2000-01-10,10.875000,11.562500,10.843750,11.406250,9.625001,434600
2000-01-17,11.406250,11.562500,10.906250,11.375000,9.598633,305800
2000-01-24,11.375000,11.562500,11.375000,11.375000,9.598633,255800
2000-01-31,11.437500,11.500000,10.187500,10.718750,9.044867,356000
2000-02-07,10.656250,10.750000,9.406250,9.468750,7.990073,252400
2000-02-14,9.406250,9.468750,8.312500,8.437500,7.119864,303000
2000-02-21,8.437500,8.781250,8.375000,8.625000,7.278084,144800
2000-02-28,8.875000,10.562500,8.781250,10.250000,8.649317,308600
2000-03-06,10.187500,10.187500,8.406250,8.593750,7.251715,334000
2000-03-13,8.562500,10.093750,8.500000,9.718750,8.201030,291400
2000-03-20,9.687500,10.000000,8.843750,10.000000,8.438357,210800
2000-03-27,10.093750,10.093750,9.000000,9.531250,8.042810,345000
2000-04-03,9.656250,10.343750,9.656250,10.250000,8.649317,311400
2000-04-10,10.281250,10.500000,9.875000,10.187500,8.596576,562800
2000-04-17,10.062500,10.406250,9.656250,9.875000,8.332880,276000
2000-04-24,9.812500,9.937500,6.562500,6.625000,5.590413,1039400
2000-05-01,6.625000,6.687500,5.875000,6.093750,5.142123,1883400
2000-05-08,6.031250,6.125000,5.500000,5.500000,4.641098,1085800
2000-05-15,5.500000,5.531250,5.000000,5.281250,4.456509,651200
2000-05-22,5.343750,5.750000,5.312500,5.375000,4.535617,214000
2000-05-29,5.406250,5.781250,5.281250,5.781250,4.878426,176200
2000-06-05,5.781250,5.781250,5.562500,5.750000,4.852057,212600
2000-06-12,5.687500,6.000000,5.687500,6.000000,5.063016,538800
2000-06-19,5.937500,5.937500,5.250000,5.437500,4.588358,2060600
2000-06-26,5.437500,6.500000,5.375000,5.625000,4.746576,501800
2000-07-03,5.656250,5.875000,5.281250,5.343750,4.509248,134200
2000-07-10,5.375000,5.750000,5.250000,5.625000,4.746576,346400
2000-07-17,5.656250,6.281250,5.406250,6.187500,5.221234,228400
2000-07-24,6.187500,6.250000,5.750000,6.156250,5.194864,354200
2000-07-31,6.093750,6.250000,5.875000,6.000000,5.063016,217400
2000-08-07,6.000000,6.281250,5.281250,5.562500,4.693837,393200
2000-08-14,5.531250,6.062500,5.500000,6.062500,5.115755,612600
2000-08-21,6.000000,6.093750,5.937500,6.062500,5.115755,634600
2000-08-28,6.062500,6.093750,5.812500,6.000000,5.063016,374000
2000-09-04,5.968750,6.125000,5.968750,6.031250,5.089385,160400
2000-09-11,6.031250,6.062500,6.000000,6.000000,5.063016,453600
2000-09-18,6.000000,6.062500,6.000000,6.031250,5.089385,165400
2000-09-25,6.000000,6.250000,6.000000,6.125000,5.168495,299400
2000-10-02,6.125000,6.468750,6.125000,6.281250,5.300344,204000
2000-10-09,6.250000,6.437500,6.250000,6.250000,5.273974,96000
2000-10-16,6.250000,6.656250,6.250000,6.531250,5.511303,248400
2000-10-23,6.593750,6.843750,6.500000,6.625000,5.590413,110800
2000-10-30,6.625000,7.062500,6.562500,6.750000,5.695891,134600
2000-11-06,6.718750,6.875000,6.375000,6.750000,5.695891,269000
2000-11-13,6.750000,7.468750,6.750000,7.312500,6.170549,192600
2000-11-20,7.312500,7.343750,6.750000,6.875000,5.801372,139200
2000-11-27,6.812500,7.375000,6.781250,7.375000,6.223289,121400
2000-12-04,7.343750,7.812500,7.156250,7.718750,6.513357,133400
2000-12-11,7.656250,7.718750,7.218750,7.437500,6.276028,116000
2000-12-18,7.500000,7.625000,7.375000,7.562500,6.381509,199600
2000-12-25,7.500000,8.750000,7.250000,8.343750,7.040755,390600
2001-01-01,8.343750,9.250000,7.593750,8.875000,7.489041,421400
2001-01-08,8.812500,8.812500,7.750000,8.468750,7.146236,182400
2001-01-15,8.406250,9.062500,8.062500,9.000000,7.594522,248000
2001-01-22,8.968750,9.062500,8.125000,8.281250,6.988016,261000
2001-01-29,8.165000,8.700000,7.800000,8.625000,7.278084,163200
2001-02-05,8.500000,8.670000,8.450000,8.500000,7.172604,153000
2001-02-12,8.520000,8.680000,8.310000,8.340000,7.037591,176200
2001-02-19,8.300000,8.470000,7.200000,7.325000,6.181097,465800
2001-02-26,7.290000,8.400000,7.290000,8.385000,7.075563,222600
2001-03-05,8.375000,8.380000,7.125000,7.220000,6.092494,310800
2001-03-12,7.220000,7.285000,6.545000,6.645000,5.607290,233800
2001-03-19,6.645000,6.650000,6.185000,6.475000,5.463836,153200
2001-03-26,6.475000,6.475000,5.940000,6.150000,5.189590,273600
2001-04-02,6.145000,6.545000,6.125000,6.385000,5.387892,327200
2001-04-09,6.385000,6.800000,6.350000,6.775000,5.716987,244200
2001-04-16,6.755000,7.500000,6.750000,7.255000,6.122029,176400
2001-04-23,7.255000,8.325000,7.250000,8.140000,6.868823,320600
2001-04-30,8.015000,8.015000,7.450000,7.550000,6.370961,164400
2001-05-07,7.500000,7.865000,7.445000,7.450000,6.286577,105800
2001-05-14,7.400000,7.820000,7.400000,7.475000,6.307673,269600
2001-05-21,7.490000,7.675000,7.490000,7.670000,6.472222,297600
2001-05-28,7.670000,8.180000,7.670000,7.775000,6.560823,269000
2001-06-04,7.750000,7.900000,7.750000,7.775000,6.560823,200000
2001-06-11,7.800000,7.870000,7.575000,7.820000,6.598796,198400
2001-06-18,7.770000,7.815000,7.725000,7.725000,6.518632,221200
2001-06-25,7.690000,8.625000,7.690000,8.625000,7.278084,442200
2001-07-02,8.625000,8.750000,7.850000,8.255000,6.965865,192600
2001-07-09,8.255000,8.750000,8.250000,8.455000,7.134631,248800
2001-07-16,8.475000,8.745000,8.255000,8.650000,7.299178,139400
2001-07-23,8.650000,8.745000,8.250000,8.310000,7.012275,243000
2001-07-30,8.400000,8.500000,7.800000,7.950000,6.708495,340400
2001-08-06,7.910000,8.000000,7.500000,8.000000,6.750687,180400
2001-08-13,8.020000,9.625000,8.015000,8.875000,7.489041,297600
2001-08-20,8.825000,8.850000,7.950000,8.500000,7.172604,254200
2001-08-27,8.575000,9.075000,8.500000,9.040000,7.628276,246200
2001-09-03,9.020000,9.125000,8.335000,8.495000,7.168386,226200
2001-09-10,8.550000,8.695000,8.100000,8.340000,7.037591,45600
2001-09-17,8.300000,8.300000,7.200000,7.375000,6.223289,165600
2001-09-24,7.425000,7.675000,7.175000,7.450000,6.286577,357000
2001-10-01,7.400000,7.400000,6.950000,7.095000,5.987015,184600
2001-10-08,7.050000,7.200000,6.705000,6.975000,5.885755,160200
2001-10-15,6.990000,7.095000,6.750000,7.095000,5.987015,275200
2001-10-22,7.095000,7.250000,6.650000,7.250000,6.117809,232200
2001-10-29,7.200000,7.200000,6.700000,6.950000,5.864659,162400
2001-11-05,7.000000,7.125000,6.700000,7.000000,5.906852,138200
2001-11-12,7.000000,7.400000,6.900000,7.400000,6.244386,202800
2001-11-19,7.450000,8.000000,7.400000,8.000000,6.750687,81200
2001-11-26,7.875000,8.000000,7.400000,7.400000,6.244386,203000
2001-12-03,7.350000,8.110000,7.255000,7.960000,6.716934,188400
2001-12-10,7.950000,8.495000,7.850000,8.435000,7.117757,138000
2001-12-17,8.430000,8.675000,8.100000,8.625000,7.278084,343000
2001-12-24,8.700000,9.100000,8.490000,8.675000,7.320276,193200
2001-12-31,8.625000,8.950000,8.250000,8.950000,7.552331,272600
2002-01-07,8.950000,8.990000,8.660000,8.675000,7.320276,113000
2002-01-14,8.600000,8.875000,8.190000,8.540000,7.206356,123400
2002-01-21,8.500000,8.675000,8.200000,8.480000,7.155728,72400
2002-01-28,8.430000,8.750000,8.430000,8.550000,7.214796,137200
2002-02-04,8.600000,8.600000,8.250000,8.350000,7.046030,171800
2002-02-11,8.325000,8.525000,8.250000,8.450000,7.130414,88000
2002-02-18,8.410000,8.450000,7.930000,7.995000,6.746468,138600
2002-02-25,8.000000,8.325000,8.000000,8.250000,6.961644,300400
2002-03-04,7.800000,8.750000,7.800000,8.575000,7.235893,248000
2002-03-11,8.585000,8.620000,8.175000,8.425000,7.109317,189000
2002-03-18,8.450000,9.120000,8.250000,8.950000,7.552331,340800
2002-03-25,8.875000,9.200000,8.600000,9.025000,7.615617,625000
2002-04-01,9.010000,9.175000,9.000000,9.000000,7.594522,180200
2002-04-08,9.000000,9.050000,8.250000,8.915000,7.522795,704000
2002-04-15,8.975000,9.200000,8.930000,9.015000,7.607179,382600
2002-04-22,9.000000,9.050000,8.650000,8.725000,7.362469,358000
2002-04-29,8.825000,9.180000,8.690000,9.045000,7.632496,456600
2002-05-06,9.050000,9.220000,9.000000,9.075000,7.657811,265200
2002-05-13,9.080000,9.995000,9.075000,9.550000,8.058634,498000
2002-05-20,9.600000,9.610000,9.175000,9.335000,7.877207,334800
2002-05-27,9.350000,9.400000,9.000000,9.005000,7.598743,301600
2002-06-03,9.050000,9.150000,8.650000,8.975000,7.573427,278600
2002-06-10,9.000000,9.025000,8.190000,8.245000,6.957427,330600
2002-06-17,8.245000,8.625000,8.150000,8.245000,6.957427,367800
2002-06-24,8.245000,8.800000,7.725000,8.800000,7.425754,584600
2002-07-01,8.725000,8.725000,7.925000,8.200000,6.919454,164600
2002-07-08,8.235000,8.450000,7.755000,7.755000,6.543948,278800
2002-07-15,7.925000,8.190000,7.750000,7.850000,6.624112,423400
2002-07-22,7.725000,7.900000,7.050000,7.800000,6.581920,306200
2002-07-29,7.675000,8.800000,7.675000,8.345000,7.041809,413200
2002-08-05,8.275000,8.275000,7.550000,7.880000,6.649427,287400
2002-08-12,7.930000,8.260000,7.755000,7.870000,6.640988,318800
2002-08-19,7.870000,8.240000,7.840000,8.060000,6.801317,333200
2002-08-26,8.050000,8.330000,8.010000,8.075000,6.813975,165000
2002-09-02,8.100000,8.200000,7.875000,8.030000,6.776002,222800
2002-09-09,8.025000,8.300000,7.930000,8.300000,7.003838,267600
2002-09-16,8.250000,8.375000,8.000000,8.275000,6.982741,397000
2002-09-23,8.280000,9.000000,8.200000,8.555000,7.219015,394200
2002-09-30,8.455000,8.750000,8.195000,8.425000,7.109317,226000
2002-10-07,8.475000,8.475000,8.145000,8.350000,7.046030,461200
2002-10-14,8.385000,8.500000,8.100000,8.300000,7.003838,364600
2002-10-21,8.250000,8.475000,8.000000,8.140000,6.868823,259000
2002-10-28,8.090000,8.700000,7.855000,8.625000,7.278084,312800
2002-11-04,8.625000,8.785000,7.975000,8.710000,7.349811,4033400
2002-11-11,8.700000,9.870000,8.525000,9.760000,8.235837,1458000
2002-11-18,9.760000,9.990000,9.550000,9.730000,8.210523,1163000
2002-11-25,9.700000,10.100000,9.690000,9.950000,8.396168,768000
2002-12-02,9.925000,10.225000,9.755000,9.880000,8.337098,629200
2002-12-09,9.900000,10.310000,9.785000,9.905000,8.358192,681800
2002-12-16,9.895000,10.620000,9.895000,10.520000,8.877151,996200
2002-12-23,10.500000,10.620000,10.340000,10.510000,8.868713,881000
2002-12-30,10.570000,10.615000,10.200000,10.440000,8.809646,701800
2003-01-06,10.450000,10.650000,10.260000,10.410000,8.784330,839000
2003-01-13,10.000000,10.695000,10.000000,10.610000,8.953098,942800
2003-01-20,10.610000,10.900000,10.575000,10.700000,9.029042,1035800
2003-01-27,10.685000,11.745000,10.500000,11.615000,9.801152,1168200
2003-02-03,11.550000,11.595000,10.600000,10.945000,9.235783,1112000
2003-02-10,10.950000,11.350000,10.670000,11.150000,9.408769,609400
2003-02-17,11.100000,11.325000,10.905000,11.280000,9.518469,447600
2003-02-24,11.270000,11.325000,10.955000,11.050000,9.324388,804400
2003-03-03,11.050000,11.465000,10.900000,11.400000,9.619728,1069200
2003-03-10,11.400000,11.660000,10.655000,11.090000,9.358142,1334800
2003-03-17,11.085000,12.000000,11.085000,11.960000,10.092278,1272800
2003-03-24,11.890000,11.890000,11.405000,11.650000,9.830688,686400
2003-03-31,11.650000,11.900000,11.600000,11.775000,9.936170,857600
2003-04-07,11.775000,12.370000,11.685000,11.720000,9.889758,914800
2003-04-14,11.750000,12.350000,11.750000,12.190000,10.286358,771600
2003-04-21,12.160000,12.535000,11.950000,12.280000,10.362304,498000
2003-04-28,12.275000,13.790000,12.270000,13.520000,11.408660,1854600
2003-05-05,13.515000,13.650000,13.100000,13.300000,11.223015,1057400
2003-05-12,13.295000,14.200000,13.075000,13.615000,11.488823,2539600
2003-05-19,13.625000,13.625000,13.075000,13.405000,11.311616,648400
2003-05-26,13.440000,14.110000,13.380000,14.000000,11.813704,925400
2003-06-02,13.900000,14.450000,13.620000,14.120000,11.914963,1023600
2003-06-09,14.105000,14.925000,13.950000,14.340000,12.100606,958200
2003-06-16,14.370000,15.215000,14.130000,14.275000,12.045757,1253200
2003-06-23,14.075000,15.250000,13.930000,15.250000,12.868497,1048200
2003-06-30,15.125000,15.125000,13.205000,14.125000,11.919184,9493600
2003-07-07,14.200000,14.745000,13.765000,13.950000,11.771510,2337000
2003-07-14,13.970000,14.425000,13.865000,14.260000,12.033098,2095400
2003-07-21,14.230000,14.355000,14.050000,14.240000,12.016224,894800
2003-07-28,14.175000,14.555000,13.740000,13.740000,11.594308,924800
2003-08-04,13.790000,13.900000,13.360000,13.875000,11.708224,1419000
2003-08-11,13.890000,14.075000,13.425000,13.450000,11.349589,1147600
2003-08-18,13.510000,13.650000,12.450000,12.550000,10.590138,2248800
2003-08-25,12.550000,12.955000,12.240000,12.870000,10.860168,3173800
2003-09-01,12.900000,13.220000,12.800000,12.800000,10.801097,1501000
2003-09-08,12.800000,13.120000,12.790000,12.840000,10.834854,1139600
2003-09-15,12.830000,13.050000,12.775000,13.025000,10.990963,1047800
2003-09-22,12.960000,13.225000,12.675000,12.765000,10.771563,1068200
2003-09-29,12.800000,13.770000,12.725000,13.755000,11.606963,1571000
2003-10-06,13.755000,14.370000,13.605000,14.160000,11.948718,2029800
2003-10-13,14.160000,14.725000,14.115000,14.605000,12.324221,1671000
2003-10-20,14.605000,14.895000,14.215000,14.215000,11.995130,1255200
2003-10-27,14.215000,15.500000,14.175000,15.050000,12.699730,1453400
2003-11-03,15.100000,15.650000,14.340000,15.425000,13.016166,2540800
2003-11-10,15.425000,15.505000,14.850000,15.235000,12.855839,1062600
2003-11-17,15.150000,15.500000,14.960000,15.090000,12.733483,862800
2003-11-24,15.095000,15.600000,15.060000,15.450000,13.037265,417800
2003-12-01,15.500000,16.045000,15.500000,15.870000,13.391673,1303200
2003-12-08,15.810000,16.485001,15.550000,15.785000,13.319951,908600
2003-12-15,15.800000,16.650000,15.390000,16.405001,13.843130,991400
2003-12-22,16.360001,16.490000,16.094999,16.200001,13.670142,368800
2003-12-29,16.240000,16.500000,16.025000,16.059999,13.552005,816000
2004-01-05,16.110001,16.700001,15.970000,16.225000,13.691237,983400
2004-01-12,16.350000,16.900000,16.209999,16.740000,14.125810,697800
2004-01-19,16.740000,17.350000,16.350000,17.000000,14.345208,855600
2004-01-26,16.924999,17.049999,16.145000,16.275000,13.733427,649600
2004-02-02,16.225000,16.559999,15.850000,16.420000,13.855785,748800
2004-02-09,16.420000,16.594999,15.505000,15.605000,13.168057,1099200
2004-02-16,15.550000,15.945000,14.920000,15.185000,12.813649,1454800
2004-02-23,15.550000,16.975000,15.150000,16.889999,14.252387,2060200
2004-03-01,16.895000,17.559999,16.754999,17.049999,14.387397,1119000
2004-03-08,17.055000,17.174999,16.250000,16.750000,14.134254,809400
2004-03-15,16.750000,16.865000,16.000000,16.610001,14.016114,1029200
2004-03-22,16.629999,16.910000,16.250000,16.830000,14.201757,741200
2004-03-29,16.900000,17.879999,16.889999,17.735001,14.965430,1191600
2004-04-05,17.740000,17.945000,17.400000,17.555000,14.813539,422400
2004-04-12,17.520000,18.344999,17.500000,17.934999,15.134198,1050800
2004-04-19,17.900000,18.090000,17.049999,17.580000,14.834633,556200
2004-04-26,17.650000,17.700001,16.775000,16.959999,14.311457,1151400
2004-05-03,17.010000,18.600000,16.950001,17.910000,15.113098,2984400
2004-05-10,17.975000,18.785000,17.285000,17.389999,14.674306,8567400
2004-05-17,17.250000,17.340000,16.520000,16.625000,14.028769,1878200
2004-05-24,16.625000,17.090000,16.230000,16.535000,13.952826,1794600
2004-05-31,16.510000,17.170000,16.430000,16.844999,14.214417,1002200
2004-06-07,16.950001,17.250000,16.674999,16.844999,14.214417,642400
2004-06-14,16.850000,17.215000,16.635000,17.055000,14.391620,931000
2004-06-21,17.010000,17.010000,16.350000,16.900000,14.260829,849000
2004-06-28,16.900000,17.209999,16.799999,16.969999,14.319893,633800
2004-07-05,16.900000,16.965000,16.340000,16.575001,13.986580,563600
2004-07-12,16.575001,17.000000,16.355000,16.490000,13.914854,591200
2004-07-19,16.465000,16.780001,15.670000,15.670000,13.222908,1111600
2004-07-26,15.675000,15.850000,15.395000,15.845000,13.370578,922000
2004-08-02,15.795000,15.910000,14.950000,15.100000,12.741921,1039800
2004-08-09,15.200000,16.200001,15.150000,16.075001,13.564663,1524400
2004-08-16,16.155001,16.570000,16.105000,16.455000,13.885320,1076200
2004-08-23,16.504999,17.020000,16.375000,16.950001,14.303019,936200
2004-08-30,16.889999,17.375000,16.650000,17.180000,14.497098,665200
2004-09-06,17.150000,17.400000,16.900000,17.250000,14.556169,598000
2004-09-13,17.250000,17.750000,17.000000,17.365000,14.653210,581400
2004-09-20,17.410000,17.514999,17.000000,17.405001,14.686966,593200
2004-09-27,17.350000,17.920000,17.250000,17.875000,15.083563,622000
2004-10-04,17.924999,18.030001,17.530001,17.719999,14.952770,528600
2004-10-11,17.719999,17.965000,17.410000,17.625000,14.872608,685800
2004-10-18,17.625000,17.625000,16.695000,16.775000,14.155346,891400
2004-10-25,16.725000,18.000000,16.700001,17.844999,15.058254,1006000
2004-11-01,17.795000,18.580000,17.674999,18.459999,15.577209,701400
2004-11-08,18.459999,19.309999,18.225000,19.045000,16.070852,907000
2004-11-15,19.045000,19.350000,18.750000,18.825001,15.885211,967800
2004-11-22,18.799999,19.395000,18.760000,19.230000,16.226963,565800
2004-11-29,19.230000,19.850000,19.125000,19.674999,16.602468,1260200
2004-12-06,19.674999,19.855000,19.334999,19.855000,16.754358,952800
2004-12-13,19.905001,20.290001,19.750000,20.285000,17.117212,642000
2004-12-20,20.285000,20.285000,19.870001,19.975000,16.855621,713800
2004-12-27,19.990000,20.250000,19.450001,19.555000,16.501211,827400
2005-01-03,19.600000,19.990000,19.070000,19.250000,16.243841,1242800
2005-01-10,19.250000,19.475000,18.750000,19.150000,16.159458,1389200
2005-01-17,19.049999,19.530001,18.754999,18.830000,15.889429,927000
2005-01-24,18.830000,19.525000,18.475000,19.049999,16.075071,1088800
2005-01-31,19.080000,19.275000,18.750000,19.045000,16.070852,1053000
2005-02-07,18.975000,19.280001,18.790001,19.245001,16.239620,678400
2005-02-14,19.250000,19.365000,19.000000,19.065001,16.087730,888400
2005-02-21,19.000000,20.430000,18.500000,20.205000,17.049702,1931800
2005-02-28,20.125000,21.150000,20.075001,20.950001,17.678362,1651800
2005-03-07,20.365000,21.160000,20.000000,20.355000,17.176277,1239200
2005-03-14,20.309999,20.719999,19.200001,19.830000,16.733265,1156200
2005-03-21,19.900000,20.275000,19.754999,19.969999,16.851400,1230400
2005-03-28,20.070000,20.285000,19.430000,19.775000,16.686850,1099400
2005-04-04,19.775000,19.844999,19.200001,19.410000,16.378853,987200
2005-04-11,19.410000,19.805000,18.584999,18.610001,15.703788,1014200
2005-04-18,18.660000,19.150000,18.514999,18.750000,15.821920,900200
2005-04-25,18.799999,19.049999,18.030001,18.754999,15.826141,829800
2005-05-02,18.700001,19.385000,18.639999,19.205000,16.205870,688600
2005-05-09,19.174999,20.065001,19.049999,19.264999,16.256495,1570000
2005-05-16,19.309999,20.075001,19.285000,19.875000,16.771240,916400
2005-05-23,19.915001,20.090000,19.400000,19.559999,16.505430,910000
2005-05-30,19.600000,19.805000,19.549999,19.785000,16.695293,625400
2005-06-06,19.764999,20.389999,19.750000,20.235001,17.075020,758600
2005-06-13,20.245001,21.000000,20.174999,20.405001,17.218477,1180200
2005-06-20,20.405001,20.735001,20.080000,20.299999,17.129866,969000
2005-06-27,20.254999,20.969999,20.105000,20.930000,17.661486,889200
2005-07-04,20.900000,21.504999,20.879999,21.434999,18.087624,785600
2005-07-11,21.475000,21.705000,21.100000,21.615000,18.239511,939800
2005-07-18,21.584999,21.840000,21.375000,21.545000,18.180447,998600
2005-07-25,21.525000,21.754999,21.350000,21.480000,18.125595,1084800
2005-08-01,21.530001,22.115000,21.250000,21.260000,17.939953,1578800
2005-08-08,21.260000,22.700001,21.215000,21.705000,18.315460,2175000
2005-08-15,21.625000,22.480000,21.625000,22.135000,18.678308,1498000
2005-08-22,22.174999,22.440001,21.855000,21.870001,18.454689,897000
2005-08-29,21.870001,22.500000,21.535000,22.160000,18.699404,784600
2005-09-05,22.209999,22.400000,21.990000,22.125000,18.669868,1091000
2005-09-12,22.125000,23.450001,22.059999,23.450001,19.787951,1888600
2005-09-19,23.450001,23.450001,22.010000,22.795000,19.235237,1117200
2005-09-26,22.860001,23.365000,22.805000,23.334999,19.690908,921000
2005-10-03,23.334999,23.735001,22.885000,23.275000,19.640280,1133800
2005-10-10,23.290001,23.290001,21.950001,22.545000,19.024277,1808400
2005-10-17,22.625000,22.625000,22.075001,22.240000,18.766911,1814800
2005-10-24,22.299999,22.980000,22.240000,22.924999,19.344933,1503800
2005-10-31,22.950001,24.834999,22.950001,24.575001,20.737267,2774200
2005-11-07,24.799999,25.745001,24.215000,25.230000,21.289984,2797800
2005-11-14,25.299999,25.540001,24.469999,25.174999,21.243568,2076600
2005-11-21,25.165001,25.315001,24.799999,25.295000,21.344826,830400
2005-11-28,25.250000,25.270000,24.615000,24.920000,21.028391,1105400
2005-12-05,24.799999,25.375000,24.315001,25.315001,21.361704,1212600
2005-12-12,25.375000,26.160000,24.910000,24.910000,21.019951,2745800
2005-12-19,24.870001,24.910000,24.225000,24.684999,20.830086,771200
2005-12-26,24.730000,24.844999,24.150000,24.320000,20.522085,725600
2006-01-02,24.495001,25.670000,23.860001,25.510000,21.526255,2019000
2006-01-09,25.275000,25.945000,25.275000,25.620001,21.619078,1233200
2006-01-16,25.504999,25.535000,24.959999,25.080000,21.163404,1227200
2006-01-23,25.059999,26.115000,24.950001,25.520000,21.534695,1933400
2006-01-30,25.510000,25.775000,25.049999,25.115000,21.192938,1204000
2006-02-06,25.105000,25.350000,24.860001,24.985001,21.083239,1166200
2006-02-13,24.985001,25.705000,24.700001,25.280001,21.332172,1114000
2006-02-20,25.275000,25.299999,24.625000,24.889999,21.003077,988000
2006-02-27,24.865000,26.500000,24.795000,26.254999,22.154911,2028200
2006-03-06,26.250000,26.264999,25.459999,25.975000,21.918633,1148400
2006-03-13,25.975000,26.700001,25.665001,26.400000,22.277266,1503400
2006-03-20,26.395000,26.594999,25.549999,25.870001,21.830029,1587000
2006-03-27,25.850000,26.584999,25.754999,26.000000,21.939730,1403600
2006-04-03,25.975000,26.070000,24.875000,24.934999,21.041044,1419400
2006-04-10,24.945000,24.965000,24.195000,24.570000,20.733047,1548400
2006-04-17,24.570000,25.135000,24.299999,24.725000,20.863838,1500800
2006-04-24,24.715000,25.400000,24.280001,25.190001,21.256226,1901200
2006-05-01,25.215000,25.450001,24.785000,25.025000,21.116991,1654200
2006-05-08,25.030001,25.530001,23.775000,23.844999,20.121265,1834800
2006-05-15,23.830000,24.350000,23.299999,23.475000,19.809050,2292800
2006-05-22,23.400000,23.875000,22.865000,23.740000,20.032663,2093000
2006-05-29,23.745001,24.100000,23.424999,23.905001,20.171902,2061400
2006-06-05,23.895000,23.980000,23.150000,23.514999,19.842800,1656600
2006-06-12,23.545000,23.924999,22.955000,23.825001,20.104391,2847400
2006-06-19,23.924999,23.940001,23.000000,23.264999,19.631844,1752400
2006-06-26,23.325001,24.225000,23.174999,24.090000,20.328005,2063000
2006-07-03,24.135000,24.165001,23.549999,23.715000,20.011566,1057600
2006-07-10,23.700001,23.900000,23.145000,23.230000,19.602304,1787600
2006-07-17,23.209999,24.450001,22.959999,23.764999,20.053761,1728200
2006-07-24,23.834999,25.080000,23.834999,24.905001,21.015728,1296000
2006-07-31,24.895000,25.504999,24.525000,25.100000,21.180277,1629400
2006-08-07,25.025000,25.160000,24.625000,24.850000,20.969322,1667200
2006-08-14,24.975000,25.875000,24.950001,25.844999,21.808937,1551800
2006-08-21,25.850000,25.850000,24.850000,25.030001,21.121212,1127200
2006-08-28,25.000000,25.525000,24.834999,25.410000,21.441875,1526000
2006-09-04,25.410000,25.549999,24.805000,24.870001,20.986197,893000
2006-09-11,24.850000,25.600000,24.825001,25.375000,21.412340,1406600
2006-09-18,25.334999,25.334999,24.350000,24.565001,20.728825,1576200
2006-09-25,24.600000,24.955000,24.315001,24.639999,20.792118,1825000
2006-10-02,24.635000,24.635000,23.959999,24.115000,20.349098,1904200
2006-10-09,24.000000,24.719999,23.879999,24.525000,20.695074,1398600
2006-10-16,24.490000,24.760000,24.200001,24.260000,20.471457,1841400
2006-10-23,24.209999,24.695000,23.795000,24.230000,20.446140,1552400
2006-10-30,24.200001,24.650000,23.674999,24.049999,20.294250,1245400
2006-11-06,24.075001,25.575001,24.025000,25.549999,21.560005,2833200
2006-11-13,25.600000,26.375000,25.219999,25.905001,21.859571,1652200
2006-11-20,25.895000,25.895000,25.514999,25.690001,21.678143,1003000
2006-11-27,25.645000,25.815001,25.025000,25.415001,21.446091,1822800
2006-12-04,25.424999,25.780001,25.020000,25.290001,21.340612,1110200
2006-12-11,25.250000,25.440001,24.840000,25.315001,21.361704,1968800
2006-12-18,25.340000,25.450001,24.674999,25.000000,21.095898,1300200
2006-12-25,24.950001,25.344999,24.850000,24.959999,21.062143,939600
2007-01-01,25.000000,25.250000,24.605000,24.719999,20.859623,1037000
2007-01-08,24.700001,24.799999,24.065001,24.790001,20.918690,1118000
2007-01-15,24.850000,25.035000,24.555000,25.000000,21.095898,1451200
2007-01-22,25.000000,26.000000,24.885000,25.320000,21.365921,2170200
2007-01-29,25.254999,25.805000,25.150000,25.684999,21.673918,1587000
2007-02-05,25.615000,25.879999,25.320000,25.549999,21.560005,1114200
2007-02-12,25.570000,25.879999,25.264999,25.670000,21.661270,1246000
2007-02-19,25.600000,26.245001,25.320000,25.865000,21.825815,1252800
2007-02-26,25.900000,25.965000,24.629999,25.705000,21.690802,2600000
2007-03-05,25.580000,26.049999,25.500000,25.790001,21.762529,2023200
2007-03-12,26.025000,26.400000,25.590000,25.834999,21.800497,2026800
2007-03-19,25.950001,26.600000,25.900000,26.245001,22.146479,1726400
2007-03-26,26.205000,26.334999,25.400000,25.575001,21.581102,2137400
2007-04-02,25.590000,26.245001,25.299999,26.090000,22.015684,1245600
2007-04-09,26.174999,26.570000,25.934999,26.559999,22.412281,2134000
2007-04-16,26.665001,27.025000,26.495001,27.010000,22.792007,984400
2007-04-23,26.809999,27.730000,26.549999,27.305000,23.040937,1242800
2007-04-30,27.385000,28.100000,26.790001,27.959999,23.593651,1869400
2007-05-07,27.924999,28.320000,27.115000,28.280001,23.863680,2102800
2007-05-14,28.275000,28.379999,27.665001,28.025000,23.648500,1741400
2007-05-21,28.020000,28.750000,27.764999,27.980000,23.610529,1931600
2007-05-28,28.080000,28.860001,27.725000,28.635000,24.163239,1791200
2007-06-04,28.639999,28.715000,27.540001,27.860001,23.509270,1797600
2007-06-11,27.834999,28.495001,27.275000,28.100000,23.711788,1637200
2007-06-18,28.205000,28.215000,27.299999,27.660000,23.340502,1742600
2007-06-25,27.660000,28.540001,27.225000,27.834999,23.488174,2196000
2007-07-02,27.910000,28.424999,27.600000,27.969999,23.602093,1085800
2007-07-09,28.030001,28.055000,27.055000,27.405001,23.125322,1438000
2007-07-16,27.275000,27.705000,25.639999,26.020000,21.956608,2397000
2007-07-23,26.049999,26.150000,24.754999,24.905001,21.015728,3321400
2007-07-30,24.820000,25.700001,24.254999,24.344999,20.543184,2270000
2007-08-06,24.740000,32.340000,24.045000,25.500000,21.517815,5850800
2007-08-13,25.900000,28.500000,25.250000,27.865000,23.513489,3684600
2007-08-20,28.000000,28.174999,26.215000,26.665001,22.500887,2210000
2007-08-27,26.590000,26.660000,25.639999,26.290001,22.184452,1305200
2007-09-03,26.264999,27.100000,25.799999,25.985001,21.927076,1330200
2007-09-10,26.100000,26.680000,25.320000,26.469999,22.336336,1564800
2007-09-17,26.309999,28.090000,25.760000,27.320000,23.053596,2643400
2007-09-24,27.370001,27.535000,26.620001,26.934999,22.728722,1401200
2007-10-01,26.980000,28.930000,26.980000,28.190001,23.787729,1370000
2007-10-08,28.115000,28.344999,27.315001,27.580000,23.272993,1619400
2007-10-15,27.540001,27.540001,25.350000,25.455000,21.479837,2052600
2007-10-22,25.280001,27.375000,25.184999,27.344999,23.074692,1809200
2007-10-29,27.434999,27.690001,25.075001,25.570000,21.576881,2070000
2007-11-05,25.290001,27.315001,25.150000,26.915001,22.711838,3555200
2007-11-12,27.055000,28.650000,26.885000,27.895000,23.538801,2634800
2007-11-19,27.650000,27.844999,26.875000,27.594999,23.285648,1942800
2007-11-26,27.655001,28.219999,26.764999,27.420000,23.137981,2458400
2007-12-03,27.420000,28.295000,27.049999,27.754999,23.420664,2351600
2007-12-10,27.735001,28.275000,26.674999,26.900000,22.699179,2010600
2007-12-17,26.780001,28.475000,26.570000,28.424999,23.986032,2345800
2007-12-24,28.350000,28.865000,27.525000,27.555000,23.251898,821600
2007-12-31,27.555000,27.825001,26.555000,26.730000,22.555731,1437800
2008-01-07,26.910000,28.075001,26.510000,27.100000,22.867949,2644600
2008-01-14,27.330000,28.469999,26.820000,27.290001,23.028275,2685200
2008-01-21,27.075001,29.145000,27.000000,27.469999,23.180174,2579600
2008-01-28,27.465000,29.405001,27.209999,29.325001,24.745493,2730800
2008-02-04,29.184999,29.235001,27.455000,27.629999,23.315187,2034600
2008-02-11,27.705000,27.870001,26.879999,27.450001,23.163298,1740000
2008-02-18,27.635000,28.805000,27.055000,28.174999,23.775074,1565600
2008-02-25,28.174999,29.285000,26.500000,26.584999,22.433378,2858000
2008-03-03,26.785000,26.840000,24.975000,25.629999,21.627510,3398400
2008-03-10,25.820000,25.820000,24.555000,24.950001,21.053703,3304200
2008-03-17,24.770000,27.014999,24.684999,27.014999,22.796227,2749600
2008-03-24,27.280001,27.315001,26.219999,26.240000,22.142256,1618600
2008-03-31,26.340000,27.745001,26.065001,27.075001,22.846857,1672200
2008-04-07,27.209999,27.535000,26.065001,26.090000,22.015684,1853600
2008-04-14,26.049999,26.594999,25.815001,26.139999,22.057869,2452800
2008-04-21,25.959999,26.600000,25.350000,26.485001,22.348995,1291200
2008-04-28,26.395000,27.650000,26.035000,27.000000,22.783566,1524000
2008-05-05,26.785000,27.295000,24.385000,24.980000,21.079018,4219400
2008-05-12,24.969999,25.629999,24.830000,25.240000,21.298416,1986000
2008-05-19,25.280001,25.525000,24.875000,24.940001,21.045267,2123200
2008-05-26,25.010000,25.730000,24.735001,25.615000,21.614861,931000
2008-06-02,25.379999,25.770000,24.955000,24.955000,21.057922,1998800
2008-06-09,25.165001,25.430000,24.730000,25.250000,21.306854,1540200
2008-06-16,25.105000,25.605000,24.650000,25.200001,21.264660,2041000
2008-06-23,25.340000,25.405001,24.299999,24.365000,20.560064,2762800
2008-06-30,24.254999,24.750000,23.750000,24.305000,20.509434,1912400
2008-07-07,24.430000,24.924999,23.305000,23.715000,20.011566,2659800
2008-07-14,23.905001,24.290001,22.684999,24.290001,20.496775,2358000
2008-07-21,24.385000,24.629999,23.785000,23.950001,20.209875,2487200
2008-07-28,23.740000,25.410000,23.715000,25.165001,21.235134,2703800
2008-08-04,25.200001,27.405001,24.980000,26.975000,22.762474,2796200
2008-08-11,26.924999,27.934999,26.865000,27.865000,23.513489,2125000
2008-08-18,27.750000,27.855000,26.190001,26.410000,22.285702,2193200
2008-08-25,26.184999,27.309999,25.969999,26.950001,22.741381,2067200
2008-09-01,27.500000,27.754999,26.785000,27.400000,23.121107,1347600
2008-09-08,27.885000,28.215000,26.764999,27.870001,23.517710,1756000
2008-09-15,27.000000,45.480000,26.215000,32.424999,27.361378,4860200
2008-09-22,32.500000,32.500000,23.309999,26.995001,22.779348,2215800
2008-09-29,25.815001,28.500000,24.000000,26.469999,22.336336,1691400
2008-10-06,25.485001,28.500000,18.620001,22.660000,19.121315,3165800
2008-10-13,24.344999,27.215000,20.434999,24.625000,20.779457,2692000
2008-10-20,24.985001,26.320000,22.825001,24.379999,20.572716,1754400
2008-10-27,24.379999,27.500000,22.805000,27.424999,23.142199,2523600
2008-11-03,27.475000,28.125000,23.250000,23.965000,20.222530,2706600
2008-11-10,23.875000,25.330000,21.965000,23.389999,19.737320,2495400
2008-11-17,23.155001,24.795000,20.750000,23.014999,19.420877,3112000
2008-11-24,23.750000,27.295000,22.670000,27.295000,23.032495,1736000
2008-12-01,26.315001,26.334999,22.000000,24.934999,21.041044,3111600
2008-12-08,25.674999,26.000000,22.010000,24.535000,20.703512,2808600
2008-12-15,24.645000,24.879999,23.165001,23.905001,20.171902,3005400
2008-12-22,23.975000,24.410000,23.150000,24.145000,20.374418,1273000
2008-12-29,24.014999,26.684999,23.940001,25.670000,21.661270,1733000
2009-01-05,25.750000,25.750000,24.000000,24.620001,20.775238,2193200
2009-01-12,24.245001,25.250000,23.655001,24.625000,20.779457,1767800
2009-01-19,24.254999,24.969999,22.555000,24.030001,20.277376,2344000
2009-01-26,24.030001,25.305000,23.379999,23.629999,19.939842,1951200
2009-02-02,23.379999,24.715000,23.195000,24.625000,20.779457,2051000
2009-02-09,24.440001,25.520000,23.750000,24.795000,20.922913,2246400
2009-02-16,23.955000,24.735001,23.105000,23.775000,20.062197,1907800
2009-02-23,24.020000,25.230000,22.209999,23.895000,20.163460,3228000
2009-03-02,23.475000,24.010000,20.540001,21.084999,17.792280,3625200
2009-03-09,20.770000,22.230000,20.155001,22.110001,18.657213,3543000
2009-03-16,22.285000,23.910000,21.445000,23.045000,19.446196,3039000
2009-03-23,23.525000,24.235001,22.334999,23.254999,19.623398,3577800
2009-03-30,22.610001,24.465000,22.440001,24.430000,20.614906,2991000
2009-04-06,23.990000,25.424999,23.555000,25.375000,21.412340,1882400
2009-04-13,25.090000,25.855000,23.924999,24.350000,20.547403,2465000
2009-04-20,23.850000,24.245001,22.344999,22.440001,18.935677,2965200
2009-04-27,22.094999,22.745001,21.584999,22.155001,18.695181,2931800
2009-05-04,22.330000,23.580000,21.750000,23.504999,19.834360,3698200
2009-05-11,22.850000,23.385000,21.850000,22.174999,18.712063,2579600
2009-05-18,22.480000,22.885000,21.350000,21.924999,18.501099,2089800
2009-05-25,21.760000,22.605000,21.565001,22.605000,19.074907,1721800
2009-06-01,22.990000,23.915001,22.754999,23.695000,19.994694,2178400
2009-06-08,23.514999,23.840000,22.600000,22.959999,19.374470,1176200
2009-06-15,22.815001,23.670000,22.355000,22.975000,19.387127,1622000
2009-06-22,22.785000,23.139999,22.225000,23.049999,19.450417,2103200
2009-06-29,22.969999,23.250000,22.400000,22.400000,18.901924,1165200
2009-07-06,22.424999,23.000000,22.270000,22.610001,19.079132,1612600
2009-07-13,22.665001,24.180000,22.645000,23.785000,20.070633,1476600
2009-07-20,23.875000,24.705000,23.480000,24.674999,20.821646,1204200
2009-07-27,24.684999,25.715000,24.430000,25.389999,21.424999,1682600
2009-08-03,25.549999,26.475000,25.455000,25.910000,21.863791,2583400
2009-08-10,25.815001,26.385000,25.344999,25.975000,21.918633,1604800
2009-08-17,25.594999,26.900000,25.594999,26.764999,22.585266,1242600
2009-08-24,26.830000,26.955000,26.094999,26.639999,22.479784,1537000
2009-08-31,26.395000,26.690001,25.275000,25.940001,21.889105,1309600
2009-09-07,26.115000,26.209999,25.504999,26.025000,21.960829,1210000
2009-09-14,25.910000,26.940001,25.870001,26.365000,22.247728,1515600
2009-09-21,26.035000,26.424999,25.245001,25.344999,21.387018,1179800
2009-09-28,25.495001,26.570000,25.430000,25.695000,21.682362,1482400
2009-10-05,25.834999,26.615000,25.500000,26.395000,22.273048,1056600
2009-10-12,26.490000,26.665001,25.870001,25.930000,21.880663,1270400
2009-10-19,26.094999,26.170000,24.805000,25.115000,21.192938,1094800
2009-10-26,25.100000,25.500000,24.850000,25.139999,21.214029,1819800
2009-11-02,25.250000,26.415001,25.049999,26.090000,22.015684,2067200
2009-11-09,26.405001,26.820000,26.180000,26.735001,22.559954,1053800
2009-11-16,26.825001,27.535000,26.500000,26.610001,22.454472,1255600
2009-11-23,26.985001,27.264999,26.270000,26.270000,22.167568,774400
2009-11-30,26.225000,27.299999,25.934999,26.785000,22.602142,2075000
2009-12-07,26.770000,27.040001,26.235001,26.820000,22.631672,916000
2009-12-14,26.950001,27.080000,26.510000,26.754999,22.576824,1588000
2009-12-21,26.825001,27.580000,26.610001,27.475000,23.184387,657400
2009-12-28,27.495001,27.535000,26.855000,26.855000,22.661207,618800
2010-01-04,27.105000,27.275000,26.360001,26.700001,22.530420,1192400
2010-01-11,26.825001,27.045000,26.125000,26.620001,22.462914,854600
2010-01-18,26.684999,26.900000,25.555000,25.809999,21.779404,1265200
2010-01-25,26.000000,26.049999,25.174999,25.379999,21.416553,1130000
2010-02-01,25.490000,25.490000,24.600000,24.945000,21.049488,1154200
2010-02-08,24.915001,25.535000,24.395000,25.469999,21.492500,996400
2010-02-15,25.719999,26.690001,25.235001,26.535000,22.391186,778800
2010-02-22,26.500000,26.920000,26.379999,26.660000,22.496664,1695400
2010-03-01,26.820000,27.834999,26.740000,27.834999,23.488174,1642000
2010-03-08,27.910000,28.865000,27.665001,28.750000,24.260284,1614200
2010-03-15,28.635000,29.535000,28.434999,29.155001,24.602028,1020000
2010-03-22,28.975000,29.559999,28.915001,29.059999,24.521870,796000
2010-03-29,29.059999,29.660000,28.975000,29.150000,24.597813,753000
2010-04-05,29.370001,29.745001,29.139999,29.450001,24.850967,750400
2010-04-12,29.389999,30.170000,29.180000,29.705000,25.066143,1021400
2010-04-19,29.490000,30.700001,29.450001,30.690001,25.897326,899800
2010-04-26,30.635000,31.264999,29.995001,30.475000,25.715899,1167800
2010-05-03,30.615000,30.805000,27.875000,28.400000,23.964943,1509000
2010-05-10,29.400000,31.000000,29.209999,30.344999,25.606195,1360400
2010-05-17,30.459999,30.985001,28.379999,29.065001,24.526091,1637000
2010-05-24,28.950001,29.855000,28.000000,29.430000,24.834089,1668600
2010-05-31,29.245001,29.780001,28.465000,28.530001,24.074640,1378600
2010-06-07,28.655001,29.680000,28.075001,29.660000,25.028166,1444400
2010-06-14,29.959999,29.995001,29.344999,29.754999,25.108339,1256000
2010-06-21,29.990000,30.045000,29.010000,29.920000,25.247568,1584800
2010-06-28,29.885000,30.000000,27.750000,28.070000,23.686472,1276400
2010-07-05,28.365000,29.805000,27.910000,29.799999,25.146309,1228600
2010-07-12,29.745001,30.350000,29.025000,29.129999,24.580938,1099000
2010-07-19,29.195000,30.000000,28.629999,29.840000,25.180067,999400
2010-07-26,29.865000,30.445000,29.305000,29.754999,25.108339,891400
2010-08-02,30.245001,30.250000,28.440001,28.684999,24.205423,1393400
2010-08-09,28.875000,29.059999,27.379999,27.379999,23.104221,1713000
2010-08-16,27.290001,27.645000,26.139999,26.245001,22.146479,3540200
2010-08-23,26.334999,26.825001,25.719999,26.799999,22.614801,2327800
2010-08-30,26.684999,27.980000,26.010000,27.950001,23.585213,2310400
2010-09-06,27.834999,28.049999,27.174999,27.959999,23.593651,2195600
2010-09-13,28.235001,29.084999,28.030001,28.790001,24.294037,2038600
2010-09-20,28.860001,29.344999,28.280001,28.905001,24.391077,1558200
2010-09-27,28.850000,29.254999,28.200001,28.625000,24.154800,1534000
2010-10-04,28.530001,29.049999,28.254999,28.940001,24.420612,1578600
2010-10-11,28.910000,29.665001,28.715000,29.174999,24.618916,1015800
2010-10-18,29.245001,29.514999,28.684999,28.879999,24.369978,1022400
2010-10-25,29.100000,29.389999,28.655001,28.745001,24.256060,877800
2010-11-01,28.860001,30.385000,28.469999,30.365000,25.623075,1328000
2010-11-08,30.290001,30.400000,29.655001,29.745001,25.099903,751200
2010-11-15,29.889999,30.240000,29.205000,30.174999,25.462753,777400
2010-11-22,30.059999,30.350000,29.735001,30.000000,25.315073,843600
2010-11-29,29.805000,30.400000,29.280001,30.350000,25.610420,1089200
2010-12-06,30.174999,30.969999,30.080000,30.870001,26.049215,975200
2010-12-13,30.905001,31.250000,30.645000,30.780001,25.973267,1815600
2010-12-20,30.865000,31.110001,30.600000,30.959999,26.125160,664000
2010-12-27,30.844999,30.959999,30.299999,30.299999,25.568222,575800
2011-01-03,30.594999,30.815001,29.840000,30.135000,25.428989,1372800
2011-01-10,29.950001,30.275000,29.705000,30.150000,25.441647,1060600
2011-01-17,30.115000,30.150000,29.245001,29.280001,24.707514,1272800
2011-01-24,29.295000,30.320000,29.270000,29.450001,24.850967,1726200
2011-01-31,29.490000,29.850000,29.315001,29.715000,25.074587,1090400
2011-02-07,29.709999,29.870001,29.264999,29.530001,24.918472,846600
2011-02-14,29.475000,29.504999,28.895000,29.469999,24.867838,1591400
2011-02-21,29.334999,32.330002,29.299999,32.040001,27.036497,2177000
2011-02-28,32.119999,32.125000,31.240000,31.615000,26.677872,1666400
2011-03-07,31.665001,32.049999,30.889999,31.084999,26.230631,1232400
2011-03-14,30.850000,31.225000,30.565001,30.855000,26.036552,1395800
2011-03-21,31.160000,31.605000,30.934999,31.215000,26.340332,755600
2011-03-28,31.360001,31.910000,30.950001,31.754999,26.796003,776800
2011-04-04,31.865000,32.384998,31.510000,31.594999,26.660992,821400
2011-04-11,31.545000,32.080002,30.900000,31.389999,26.488003,882200
2011-04-18,31.129999,31.879999,30.965000,31.725000,26.770691,972400
2011-04-25,31.620001,33.419998,31.500000,33.200001,28.015352,1681600
2011-05-02,33.345001,33.900002,33.055000,33.330002,28.125051,2045600
2011-05-09,33.279999,34.834999,33.154999,34.490002,29.103897,2094600
2011-05-16,34.325001,34.869999,34.185001,34.599998,29.196712,2576800
2011-05-23,34.180000,34.939999,34.040001,34.779999,29.348612,1420400
2011-05-30,35.000000,35.154999,34.174999,34.235001,28.888721,1795800
2011-06-06,34.325001,34.665001,33.750000,33.849998,28.563841,1750200
2011-06-13,33.959999,34.435001,33.750000,33.945000,28.644014,1512200
2011-06-20,33.955002,34.875000,33.869999,34.799999,29.365484,1801800
2011-06-27,34.845001,35.669998,34.590000,35.599998,30.040552,1220000
2011-07-04,35.590000,36.320000,35.345001,36.005001,30.382305,763800
2011-07-11,35.715000,36.174999,35.310001,35.544998,29.994143,1101800
2011-07-18,35.490002,36.490002,34.930000,36.020000,30.394972,1004800
2011-07-25,35.730000,36.230000,34.400002,34.825001,29.386583,897000
2011-08-01,35.134998,35.820000,34.250000,35.270000,29.762094,2007400
2011-08-08,35.044998,36.435001,33.000000,34.654999,29.243139,3760000
2011-08-15,34.895000,35.130001,33.634998,33.855000,28.568064,2190800
2011-08-22,34.450001,35.639999,33.915001,35.000000,29.534252,1859800
2011-08-29,35.360001,36.695000,34.990002,34.994999,29.530033,1491200
2011-09-05,34.150002,36.404999,34.070000,35.310001,29.795843,1646800
2011-09-12,34.950001,36.480000,34.775002,36.224998,30.567953,1537400
2011-09-19,35.654999,36.494999,34.349998,35.130001,29.643955,2164400
2011-09-26,35.430000,36.974998,35.169998,36.009998,30.386538,1774200
2011-10-03,35.689999,38.759998,34.410000,37.455002,31.827179,2290200
2011-10-10,38.035000,38.924999,37.744999,38.450001,32.672672,1326200
2011-10-17,38.110001,38.930000,36.855000,38.520000,32.732147,3068000
2011-10-24,38.500000,39.735001,37.915001,38.830002,32.995571,2600000
2011-10-31,38.314999,39.200001,37.029999,38.750000,32.927589,1659000
2011-11-07,38.634998,39.180000,37.735001,39.145000,33.263237,1677000
2011-11-14,39.044998,39.064999,37.705002,38.169998,32.434738,1223400
2011-11-21,37.740002,37.930000,36.465000,36.580002,31.083637,769000
2011-11-28,37.285000,39.860001,37.240002,39.025002,33.161266,1487400
2011-12-05,39.480000,40.220001,38.869999,39.935001,33.934528,1617600
2011-12-12,39.470001,40.305000,38.910000,39.259998,33.360966,1980000
2011-12-19,39.395000,40.000000,38.840000,39.619999,33.666862,1152800
2011-12-26,39.770000,40.744999,39.685001,39.910000,34.127514,839000
2012-01-02,40.450001,40.605000,38.814999,39.375000,33.670044,972400
2012-01-09,39.580002,40.994999,39.139999,40.014999,34.217308,1851800
2012-01-16,40.130001,41.000000,39.759998,40.785000,34.875748,939000
2012-01-23,40.834999,40.889999,39.875000,40.470001,34.606388,1327800
2012-01-30,40.275002,42.520000,40.000000,42.509998,36.350807,1540800
2012-02-06,42.330002,42.459999,41.785000,41.875000,35.807823,739400
2012-02-13,42.255001,42.404999,41.084999,41.794998,35.739414,1803600
2012-02-20,41.790001,45.375000,41.790001,44.595001,38.133728,1835600
2012-02-27,44.419998,44.980000,43.435001,43.514999,37.210209,1665600
2012-03-05,43.345001,44.435001,43.235001,44.215000,37.808781,1195600
2012-03-12,44.290001,45.064999,44.145000,44.299999,37.881470,1249000
2012-03-19,44.235001,45.134998,43.840000,44.384998,37.954159,915400
2012-03-26,44.764999,45.105000,44.020000,44.055000,37.671963,959600
2012-04-02,44.040001,44.910000,43.900002,44.314999,38.105991,853600
2012-04-09,43.669998,43.965000,43.020000,43.020000,36.992439,1348400
2012-04-16,43.435001,43.735001,42.799999,43.360001,37.284809,1641600
2012-04-23,42.744999,44.485001,42.320000,44.404999,38.183384,1616000
2012-04-30,44.435001,45.099998,43.555000,43.724998,37.598652,1479600
2012-05-07,43.529999,45.064999,43.380001,44.950001,38.652016,1499200
2012-05-14,44.415001,44.915001,43.619999,43.720001,37.594372,1191200
2012-05-21,43.880001,44.130001,42.615002,44.044998,37.873825,1315000
2012-05-28,44.349998,44.500000,43.115002,43.599998,37.491169,1222800
2012-06-04,43.650002,45.195000,42.224998,44.705002,38.441360,1825400
2012-06-11,44.875000,44.875000,43.169998,43.415001,37.332096,1698400
2012-06-18,43.200001,43.770000,41.895000,42.325001,36.394825,7456800
2012-06-25,41.445000,46.049999,41.380001,44.544998,38.303761,2392400
2012-07-02,44.845001,46.189999,44.590000,45.615002,39.456917,1112000
2012-07-09,45.529999,46.139999,45.150002,46.139999,39.911037,1198000
2012-07-16,46.099998,46.419998,44.860001,44.935001,38.868706,1239800
2012-07-23,44.595001,45.500000,44.439999,45.044998,38.963871,1027200
2012-07-30,44.990002,45.465000,44.139999,44.875000,38.816814,878800
2012-08-06,44.840000,46.044998,44.580002,44.724998,38.687065,1223200
2012-08-13,44.615002,45.529999,44.084999,45.459999,39.322838,808400
2012-08-20,45.430000,45.685001,44.500000,44.775002,38.730312,480400
2012-08-27,44.805000,44.974998,44.455002,44.615002,38.591908,561600
2012-09-03,44.419998,45.505001,44.325001,45.185001,39.084961,636000
2012-09-10,44.974998,45.150002,44.369999,44.700001,38.665440,1533600
2012-09-17,44.645000,45.285000,44.645000,44.985001,38.911964,984800
2012-09-24,44.900002,45.224998,43.770000,45.220001,39.115238,1551200
2012-10-01,45.380001,46.154999,44.555000,45.035000,39.173519,1060000
2012-10-08,45.000000,45.584999,44.544998,44.750000,38.925625,703200
2012-10-15,44.900002,46.049999,44.794998,44.900002,39.056091,1203000
2012-10-22,44.880001,45.119999,43.970001,44.169998,38.421101,567200
2012-10-29,44.150002,45.369999,43.985001,44.500000,38.708157,612000
2012-11-05,44.500000,45.230000,43.724998,44.049999,38.316719,1058800
2012-11-12,44.139999,44.250000,42.220001,43.264999,37.633900,1224000
2012-11-19,43.424999,44.084999,43.145000,44.084999,38.347168,544400
2012-11-26,43.974998,45.340000,43.650002,45.340000,39.438824,1580600
2012-12-03,45.340000,46.875000,44.544998,46.465000,40.417393,1202400
2012-12-10,46.564999,46.654999,42.564999,42.610001,37.064148,5799800
2012-12-17,43.000000,43.220001,42.430000,42.799999,37.432545,1754400
2012-12-24,42.424999,42.820000,41.900002,42.270000,36.969009,976000
2012-12-31,42.259998,44.110001,41.799999,43.889999,38.385853,1692800
2013-01-07,43.549999,43.790001,43.000000,43.730000,38.245922,1045200
2013-01-14,43.810001,44.049999,42.950001,43.900002,38.394592,1709700
2013-01-21,43.950001,45.070000,43.950001,44.779999,39.164234,864200
2013-01-28,44.880001,45.639999,44.549999,45.599998,39.881401,817900
2013-02-04,45.369999,46.259998,45.299999,46.200001,40.406174,955600
2013-02-11,46.090000,46.910000,45.959999,46.549999,40.712269,1050300
2013-02-18,48.430000,48.740002,46.700001,46.820000,40.948402,1359400
2013-02-25,46.930000,47.029999,46.060001,46.810001,40.939671,1571300
2013-03-04,46.580002,47.169998,46.490002,46.790001,40.922165,1007800
2013-03-11,47.000000,47.669998,46.720001,47.669998,41.691803,814600
2013-03-18,47.250000,47.849998,46.389999,46.630001,40.782223,1184300
2013-03-25,46.619999,47.330002,46.299999,47.330002,41.394444,774700
2013-04-01,47.330002,48.000000,47.150002,47.980000,42.188057,2068500
2013-04-08,47.900002,48.279999,47.570000,47.980000,42.188057,1139000
2013-04-15,47.860001,48.000000,46.930000,47.889999,42.108925,1230000
2013-04-22,47.970001,48.919998,47.470001,48.240002,42.416668,1001900
2013-04-29,48.400002,49.939999,48.189999,49.529999,43.550941,1371900
2013-05-06,49.330002,50.680000,48.750000,50.349998,44.271954,1348300
2013-05-13,50.389999,51.580002,50.389999,51.189999,45.010555,1027800
2013-05-20,51.020000,51.220001,49.230000,50.189999,44.131268,770000
2013-05-27,50.430000,50.590000,49.580002,50.200001,44.140060,636400
2013-06-03,50.340000,51.200001,49.779999,51.180000,45.001770,935500
2013-06-10,51.139999,51.810001,50.650002,51.730000,45.485371,1086500
2013-06-17,51.990002,52.889999,50.900002,51.299999,45.107277,1502000
2013-06-24,51.029999,52.230000,50.020000,52.160000,45.863464,1312400
2013-07-01,52.349998,53.049999,52.049999,52.610001,46.490292,855000
2013-07-08,52.660000,55.130001,52.599998,54.840000,48.460903,843700
2013-07-15,55.049999,55.200001,54.529999,54.959999,48.566944,675000
2013-07-22,55.040001,55.439999,53.480000,54.139999,47.842323,796900
2013-07-29,54.080002,54.619999,53.509998,53.950001,47.674431,1093900
2013-08-05,54.180000,55.150002,49.470001,49.900002,44.095528,2213900
2013-08-12,49.849998,49.950001,48.430000,48.480000,42.840714,1044400
2013-08-19,48.270000,48.660000,47.700001,48.500000,42.858376,1021700
2013-08-26,48.450001,48.669998,47.040001,47.139999,41.656582,1207700
2013-09-02,47.520000,47.970001,45.509998,46.130001,40.764057,2164900
2013-09-09,46.290001,47.490002,46.209999,46.369999,40.976143,1257100
2013-09-16,46.820000,47.599998,46.520000,46.830002,41.382648,1107400
2013-09-23,46.680000,46.830002,44.840000,45.889999,40.551975,2712300
2013-09-30,45.430000,45.430000,43.720001,44.090000,39.176857,2677000
2013-10-07,43.970001,44.139999,42.290001,44.000000,39.096882,1998600
2013-10-14,43.919998,46.450001,43.790001,46.369999,41.202782,2173600
2013-10-21,47.779999,48.279999,46.180000,46.400002,41.229439,2465000
2013-10-28,46.480000,46.549999,45.040001,45.080002,40.056541,1307000
2013-11-04,45.090000,47.560001,44.930000,46.650002,41.451588,1363800
2013-11-11,46.500000,46.740002,45.689999,46.599998,41.407154,1075100
2013-11-18,46.549999,47.810001,46.290001,47.810001,42.482327,1055400
2013-11-25,47.900002,48.580002,47.900002,48.080002,42.722237,607200
2013-12-02,48.049999,49.169998,47.709999,49.169998,43.690769,1421300
2013-12-09,49.360001,49.529999,47.799999,47.869999,42.535633,1275700
2013-12-16,48.240002,48.450001,47.439999,48.439999,43.042110,1249800
2013-12-23,48.470001,48.599998,47.660000,47.830002,42.500099,535000
2013-12-30,47.840000,48.560001,47.349998,47.820000,42.757668,619600
2014-01-06,47.959999,48.430000,46.509998,47.349998,42.337410,1300900
2014-01-13,47.470001,47.470001,46.389999,46.759998,41.809883,972100
2014-01-20,47.040001,47.250000,45.810001,46.000000,41.130333,1226800
2014-01-27,45.970001,46.689999,45.540001,46.459999,41.541630,1025300
2014-02-03,46.410000,46.590000,43.820000,44.040001,39.377819,1666300
2014-02-10,44.160000,47.490002,43.900002,47.419998,42.400009,1572700
2014-02-17,47.580002,48.250000,46.000000,46.340000,41.434338,1422300
2014-02-24,46.320000,46.509998,45.270000,45.459999,40.647503,1399500
2014-03-03,45.130001,45.540001,44.849998,45.150002,40.370319,1154900
2014-03-10,45.119999,45.259998,43.349998,43.700001,39.073818,1339200
2014-03-17,43.799999,44.130001,42.740002,43.020000,38.465813,2063500
2014-03-24,43.009998,44.490002,43.009998,43.840000,39.199009,1641900
2014-03-31,44.150002,45.669998,43.889999,44.790001,40.323925,1059400
2014-04-07,44.730000,44.830002,42.959999,43.930000,39.549686,809500
2014-04-14,44.259998,44.529999,43.590000,44.389999,39.963810,619800
2014-04-21,44.430000,45.310001,43.900002,45.220001,40.711056,751800
2014-04-28,45.529999,46.250000,45.070000,45.750000,41.188206,906500
2014-05-05,45.549999,46.009998,44.139999,44.720001,40.260921,1561600
2014-05-12,44.770000,45.220001,43.549999,44.240002,39.828770,1130700
2014-05-19,44.169998,44.900002,43.529999,44.689999,40.233902,1022200
2014-05-26,44.840000,45.549999,44.340000,45.450001,40.918118,1064000
2014-06-02,45.380001,45.849998,44.450001,45.419998,40.891113,1361900
2014-06-09,45.419998,45.419998,44.009998,44.490002,40.053844,1217600
2014-06-16,44.419998,45.040001,44.130001,44.509998,40.071850,1401100
2014-06-23,44.700001,44.700001,43.889999,44.480000,40.044842,1256400
2014-06-30,44.459999,45.049999,44.060001,44.970001,40.760704,887900
2014-07-07,44.849998,45.200001,44.230000,44.650002,40.470669,856400
2014-07-14,44.759998,45.090000,44.459999,44.860001,40.661007,868500
2014-07-21,44.700001,45.160000,44.500000,44.700001,40.515976,724600
2014-07-28,44.619999,44.730000,43.590000,43.709999,39.618649,1172600
2014-08-04,43.840000,44.500000,42.930000,44.410000,40.253117,882900
2014-08-11,44.490002,45.439999,44.189999,45.419998,41.168591,820600
2014-08-18,45.470001,45.759998,45.209999,45.570000,41.304550,521600
2014-08-25,45.810001,46.500000,45.520000,46.200001,41.875587,759600
2014-09-01,46.189999,46.730000,45.799999,45.950001,41.648975,579800
2014-09-08,45.970001,46.169998,45.380001,45.630001,41.358929,715700
2014-09-15,45.639999,45.980000,45.049999,45.590000,41.322678,1212600
2014-09-22,45.630001,45.840000,44.279999,44.410000,40.253117,1094200
2014-09-29,44.200001,45.139999,43.849998,45.009998,41.070282,1173500
2014-10-06,45.040001,45.230000,44.139999,44.270000,40.395054,971000
2014-10-13,44.360001,44.730000,43.430000,43.860001,40.020939,1475100
2014-10-20,43.880001,46.820000,43.660000,46.009998,41.982750,1382700
2014-10-27,45.919998,47.130001,45.830002,46.779999,42.685356,832900
2014-11-03,46.810001,47.250000,44.049999,45.230000,41.271030,1081900
2014-11-10,45.230000,45.770000,44.730000,45.099998,41.152401,794900
2014-11-17,44.990002,45.840000,44.810001,45.459999,41.480892,705400
2014-11-24,45.630001,45.930000,45.070000,45.090000,41.143276,547900
2014-12-01,44.900002,47.430000,44.759998,47.320000,43.178089,980800
2014-12-08,47.240002,48.340000,47.220001,47.290001,43.150711,1412900
2014-12-15,47.570000,47.799999,46.009998,46.830002,42.730984,1857500
2014-12-22,46.950001,47.750000,44.169998,44.590000,40.687046,828600
2014-12-29,44.470001,45.799999,44.450001,45.049999,41.376701,894700
2015-01-05,44.840000,46.060001,44.220001,45.360001,41.661423,1225600
2015-01-12,45.360001,45.889999,43.959999,45.000000,41.330784,978100
2015-01-19,45.049999,45.799999,44.029999,45.000000,41.330784,791000
2015-01-26,45.000000,45.570000,44.270000,44.369999,40.752144,1054500
2015-02-02,44.340000,46.630001,44.150002,46.020000,42.267612,957800
2015-02-09,46.020000,46.250000,45.419998,45.580002,41.863495,1122100
2015-02-16,45.580002,46.459999,45.389999,46.330002,42.552338,648400
2015-02-23,46.060001,47.369999,44.959999,44.990002,41.321598,1100400
2015-03-02,45.020000,45.389999,44.759998,44.880001,41.220566,848700
2015-03-09,44.980000,45.680000,44.500000,45.139999,41.459362,1110400
2015-03-16,45.250000,46.639999,45.189999,46.560001,42.763580,1232200
2015-03-23,46.560001,46.980000,45.369999,45.439999,41.734898,1214200
2015-03-30,45.580002,46.090000,45.509998,45.980000,42.515282,1011200
2015-04-06,45.720001,46.450001,45.669998,46.020000,42.552273,763000
2015-04-13,45.919998,46.480000,44.799999,45.099998,41.701595,932100
2015-04-20,45.220001,45.660000,44.610001,45.400002,41.978992,805900
2015-04-27,45.470001,45.590000,44.639999,45.139999,41.738583,1139300
2015-05-04,45.160000,45.950001,43.110001,44.090000,40.767696,1511600
2015-05-11,43.660000,44.310001,43.410000,44.009998,40.693733,1206700
2015-05-18,43.910000,45.189999,43.779999,44.599998,41.239265,1386600
2015-05-25,44.560001,45.270000,44.139999,45.180000,41.775570,1381300
2015-06-01,45.250000,45.560001,44.750000,44.990002,41.599892,972600
2015-06-08,45.000000,45.810001,44.730000,45.689999,42.247139,844400
2015-06-15,45.470001,47.130001,45.189999,46.869999,43.338223,1178400
2015-06-22,47.009998,47.099998,46.500000,46.799999,43.273499,1268300
2015-06-29,46.549999,47.630001,46.160000,47.110001,43.849792,1050800
2015-07-06,46.750000,47.650002,46.279999,47.189999,43.924252,1669600
2015-07-13,47.200001,48.080002,47.040001,47.830002,44.519966,878300
2015-07-20,47.910000,48.389999,47.279999,47.880001,44.566498,974200
2015-07-27,47.709999,48.619999,47.380001,48.290001,44.948128,752500
2015-08-03,48.259998,49.000000,48.200001,48.599998,45.236671,1100400
2015-08-10,48.799999,49.590000,48.049999,49.590000,46.158169,961100
2015-08-17,49.459999,50.540001,49.349998,49.590000,46.158169,1022600
2015-08-24,47.680000,49.270000,46.720001,48.279999,44.938812,2016000
2015-08-31,48.139999,48.549999,47.299999,48.070000,44.743351,1197600
2015-09-07,48.580002,49.610001,48.330002,49.490002,46.065086,921900
2015-09-14,49.560001,50.389999,49.110001,49.389999,45.972000,1329400
2015-09-21,49.750000,50.299999,49.110001,49.660000,46.223320,1197600
2015-09-28,49.490002,49.709999,48.389999,48.689999,45.602276,1222000
2015-10-05,48.860001,51.290001,48.860001,50.700001,47.484814,1503800
2015-10-12,50.669998,51.590000,50.509998,51.580002,48.309010,793000
2015-10-19,51.410000,52.669998,51.380001,52.459999,49.133198,914500
2015-10-26,52.450001,53.619999,52.189999,52.959999,49.601494,1000400
2015-11-02,53.020000,53.180000,51.680000,52.820000,49.470371,1505700
2015-11-09,52.799999,53.080002,51.639999,51.750000,48.468227,989300
2015-11-16,51.610001,52.970001,51.549999,52.849998,49.498466,1061700
2015-11-23,52.730000,53.040001,52.180000,52.630001,49.292419,401900
2015-11-30,52.680000,53.439999,51.590000,52.849998,49.498466,1171900
2015-12-07,52.740002,53.060001,50.060001,50.320000,47.128906,1160000
2015-12-14,50.259998,50.880001,48.540001,48.759998,45.667839,2435900
2015-12-21,48.880001,49.270000,47.040001,48.590000,45.508625,1139300
2015-12-28,48.480000,49.480000,48.230000,48.529999,45.745792,654400
2016-01-04,48.099998,48.770000,47.529999,47.580002,44.850300,1262900
2016-01-11,47.750000,48.549999,46.790001,47.639999,44.906845,1119700
2016-01-18,47.779999,48.619999,45.779999,48.590000,45.802353,1144200
2016-01-25,48.500000,50.160000,48.110001,50.119999,47.244564,1021400
2016-02-01,50.099998,50.259998,48.560001,48.790001,45.990879,957600
2016-02-08,48.389999,49.799999,47.450001,49.790001,46.933506,1335100
2016-02-15,50.099998,50.689999,49.290001,50.599998,47.697033,572900
2016-02-22,50.790001,51.020000,49.049999,49.889999,47.027767,1008800
2016-02-29,49.799999,50.840000,49.160000,49.639999,46.792103,1104100
2016-03-07,49.419998,51.000000,48.880001,50.880001,47.960968,791100
2016-03-14,50.810001,51.240002,49.500000,50.770000,47.857285,828100
2016-03-21,50.750000,51.200001,49.880001,50.200001,47.319981,532400
2016-03-28,49.959999,51.020000,49.959999,51.009998,48.083511,627500
2016-04-04,51.009998,51.009998,48.779999,48.919998,46.399948,534300
2016-04-11,49.130001,49.500000,48.230000,48.889999,46.371498,611100
2016-04-18,48.889999,49.160000,47.740002,48.049999,45.574768,581000
2016-04-25,47.860001,48.810001,47.189999,47.730000,45.271252,713100
2016-05-02,47.919998,48.529999,47.459999,48.480000,45.982616,868900
2016-05-09,48.169998,49.570000,48.169998,48.790001,46.276649,739500
2016-05-16,48.860001,50.470001,47.639999,50.450001,47.851135,1442600
2016-05-23,50.340000,51.889999,49.990002,51.880001,49.207466,941600
2016-05-30,51.939999,52.869999,51.939999,52.400002,49.700687,889400
2016-06-06,52.419998,52.770000,51.639999,52.049999,49.368717,599100
2016-06-13,52.240002,52.240002,50.980000,51.360001,48.714252,722900
2016-06-20,51.700001,52.090000,50.689999,51.299999,48.657345,834600
2016-06-27,50.910000,53.570000,50.520000,52.680000,50.269024,1063900
2016-07-04,52.419998,52.419998,51.139999,51.669998,49.305248,1008700
2016-07-11,51.770000,52.439999,51.389999,51.750000,49.381588,697000
2016-07-18,51.639999,52.369999,50.840000,52.230000,49.839619,863200
2016-07-25,52.189999,52.470001,51.439999,51.660000,49.295708,611600
2016-08-01,51.759998,53.980000,51.520000,53.730000,51.270969,659900
2016-08-08,54.000000,54.939999,53.990002,54.770000,52.263371,697200
2016-08-15,55.119999,55.119999,53.709999,53.880001,51.414108,688000
2016-08-22,53.880001,54.570000,53.520000,54.279999,51.795799,506500
2016-08-29,54.500000,55.430000,54.369999,54.700001,52.196579,535000
2016-09-05,54.560001,54.750000,53.090000,53.110001,50.679348,673500
2016-09-12,53.230000,53.580002,52.349998,52.380001,49.982754,575000
2016-09-19,52.470001,53.509998,52.029999,52.459999,50.059086,555000
2016-09-26,52.000000,52.580002,51.650002,52.480000,50.078178,553000
2016-10-03,52.419998,54.650002,51.990002,54.200001,52.026901,994000
2016-10-10,54.439999,54.689999,53.240002,54.049999,51.882912,486600
2016-10-17,54.000000,54.340000,53.020000,53.410000,51.268574,428600
2016-10-24,53.419998,54.090000,52.279999,52.630001,50.519844,680900
2016-10-31,52.799999,53.349998,50.500000,50.750000,48.715225,562400
2016-11-07,51.099998,54.150002,50.950001,54.000000,51.834915,563100
2016-11-14,54.099998,55.049999,53.389999,54.549999,52.362865,600000
2016-11-21,54.799999,56.500000,54.250000,56.200001,53.946712,370500
2016-11-28,56.150002,58.000000,56.049999,57.599998,55.290577,787100
2016-12-05,58.200001,62.549999,57.099998,60.849998,58.410271,1229900
2016-12-12,61.000000,61.750000,60.049999,61.650002,59.178200,1523400
2016-12-19,62.099998,63.529999,56.500000,56.849998,54.570648,1436700
2016-12-26,56.799999,57.000000,55.950001,56.200001,54.214119,775600
2017-01-02,56.549999,56.549999,55.700001,56.200001,54.214119,1146200
2017-01-09,56.650002,56.750000,55.150002,55.450001,53.490623,1126500
2017-01-16,55.150002,55.799999,54.950001,55.349998,53.394150,613500
2017-01-23,55.549999,55.799999,54.599998,54.650002,52.718895,866100
2017-01-30,54.450001,55.500000,53.299999,55.400002,53.442390,1088200
2017-02-06,55.500000,55.950001,54.599998,55.599998,53.635319,653900
2017-02-13,55.650002,56.849998,55.599998,56.549999,54.551746,546800
2017-02-20,56.650002,61.900002,56.400002,59.549999,57.445740,916300
2017-02-27,59.400002,60.599998,59.029999,60.250000,58.121006,886800
2017-03-06,59.849998,60.150002,59.099998,59.599998,57.493973,603900
2017-03-13,59.450001,60.799999,59.330002,60.700001,58.555103,1117500
2017-03-20,60.700001,60.700001,58.849998,59.099998,57.011642,781300
2017-03-27,58.650002,60.599998,58.450001,60.250000,58.121006,750500
2017-04-03,60.250000,60.849998,59.250000,59.900002,58.087292,993300
2017-04-10,59.950001,60.349998,59.049999,59.049999,57.263016,623100
2017-04-17,59.349998,60.950001,59.000000,60.799999,58.960056,604300
2017-04-24,61.500000,62.799999,61.000000,61.900002,60.026768,805100
2017-05-01,62.150002,62.250000,59.700001,61.450001,59.590385,809400
2017-05-08,61.349998,61.529999,58.200001,58.349998,56.584198,596700
2017-05-15,58.599998,59.150002,57.250000,58.299999,56.535713,718400
2017-05-22,58.500000,59.450001,58.299999,59.250000,57.456963,541500
2017-05-29,59.250000,60.549999,58.650002,60.200001,58.378212,460400
2017-06-05,60.099998,60.400002,58.450001,60.349998,58.523670,592600
2017-06-12,60.250000,61.450001,59.049999,61.450001,59.590385,796700
2017-06-19,61.750000,61.750000,59.500000,59.950001,58.135780,682100
2017-06-26,59.950001,61.200001,59.599998,60.799999,59.267292,548900
2017-07-03,61.000000,61.799999,60.299999,61.750000,60.193344,526500
2017-07-10,61.599998,61.849998,60.349998,61.150002,59.608475,547100
2017-07-17,60.750000,61.029999,59.950001,60.349998,58.828636,454200
2017-07-24,60.450001,61.799999,60.049999,61.650002,60.095871,553200
2017-07-31,61.799999,61.900002,58.299999,58.299999,56.830315,750000
2017-08-07,58.150002,58.299999,54.099998,54.799999,53.418545,796500
2017-08-14,55.299999,55.799999,54.299999,54.450001,53.077370,607500
2017-08-21,54.599998,54.750000,53.299999,53.849998,52.492496,506700
2017-08-28,53.799999,54.000000,52.549999,53.599998,52.248802,935100
2017-09-04,53.349998,53.750000,50.700001,53.250000,51.907619,1049000
2017-09-11,53.500000,54.750000,53.150002,53.900002,52.541237,1035900
2017-09-18,54.000000,54.650002,53.430000,54.299999,52.931156,705500
2017-09-25,54.299999,55.000000,54.000000,54.650002,53.272331,1051000
2017-10-02,54.750000,55.900002,54.299999,55.450001,54.359955,887500
2017-10-09,55.450001,55.900002,55.150002,55.599998,54.507004,470700
2017-10-16,55.450001,56.880001,55.349998,56.650002,55.536366,460800
2017-10-23,56.799999,56.900002,55.250000,56.299999,55.193241,431000
2017-10-30,56.099998,58.299999,55.549999,57.250000,56.124569,657200
2017-11-06,57.000000,62.299999,57.000000,60.400002,59.212643,1073000
2017-11-13,60.400002,60.680000,59.080002,59.450001,58.281322,724700
2017-11-20,59.450001,59.950001,58.900002,59.250000,58.085251,520800
2017-11-27,59.299999,62.900002,59.299999,61.549999,60.340038,716700
2017-12-04,61.950001,63.000000,61.049999,61.200001,59.996922,756700
2017-12-11,61.150002,62.099998,60.750000,61.650002,60.438076,1403500
2017-12-18,62.099998,63.450001,55.549999,56.549999,55.438328,1307000
2017-12-25,56.700001,57.750000,56.650002,57.150002,56.308304,863000
2018-01-01,57.099998,57.099998,55.299999,56.000000,55.175240,1325800
2018-01-08,55.950001,55.950001,54.349998,54.950001,54.140705,1100800
2018-01-15,55.000000,55.450001,54.650002,55.200001,54.387024,1015100
2018-01-22,55.099998,56.189999,55.049999,55.599998,54.781128,832000
2018-01-29,55.599998,55.599998,54.150002,54.150002,53.352489,1340900
2018-02-05,53.849998,54.150002,50.349998,51.400002,50.642990,1149500
2018-02-12,51.650002,53.000000,50.750000,52.150002,51.381947,754600
2018-02-19,52.099998,52.650002,47.700001,47.849998,47.145271,836000
2018-02-26,47.750000,49.500000,46.900002,47.400002,46.701904,970500
2018-03-05,47.450001,50.549999,47.450001,50.400002,49.657719,884300
2018-03-12,50.400002,51.000000,49.400002,50.000000,49.263607,1325600
2018-03-19,49.950001,50.779999,47.849998,47.900002,47.194538,888900
2018-03-26,48.400002,49.150002,47.700001,48.549999,47.834961,774000
2018-04-02,48.400002,48.549999,45.250000,46.150002,45.762817,1417900
2018-04-09,46.200001,46.400002,45.200001,46.000000,45.614075,1598900
2018-04-16,46.299999,47.730000,46.130001,47.049999,46.655262,992500
2018-04-23,47.150002,48.150002,46.750000,47.900002,47.498135,680900
2018-04-30,48.000000,48.150002,40.000000,40.049999,39.713993,2623300
2018-05-07,39.900002,41.750000,39.900002,41.000000,40.656021,1968100
2018-05-14,40.799999,41.349998,39.500000,39.900002,39.565250,2061900
2018-05-21,40.000000,41.000000,39.849998,40.150002,39.813156,1743500
2018-05-28,39.950001,40.029999,38.099998,38.349998,38.028252,1520500
2018-06-04,38.450001,39.099998,38.200001,38.799999,38.474480,1468100
2018-06-11,38.900002,39.349998,37.049999,37.200001,36.887905,2421500
2018-06-18,36.950001,38.750000,35.599998,36.700001,36.392097,6629900
2018-06-25,36.250000,36.400002,35.049999,35.450001,35.450001,2339400
2018-07-02,35.200001,36.650002,34.950001,36.150002,36.150002,1287200
2018-07-09,36.250000,37.549999,36.049999,36.400002,36.400002,1800300
2018-07-16,36.349998,39.049999,36.099998,39.000000,39.000000,2059300
2018-07-23,39.049999,40.950001,38.700001,40.150002,40.150002,2055200
2018-07-30,40.200001,41.980000,40.200001,41.650002,41.650002,2172400
2018-08-06,41.599998,45.700001,41.299999,45.049999,45.049999,2005300
2018-08-13,45.099998,46.450001,44.700001,45.900002,45.900002,585400
